time,line1,line2,line3,line4,line5,line6,line7
2021/9/18 16:38,56,11.54,31.2,50,31.4,35,24
2021/9/18 16:43,56,11.52,31.2,50,31.3,35,24
2021/9/18 16:48,56.1,11.54,31.34,50,31.4,35,24
2021/9/18 16:53,56.1,11.53,31.34,50,31.4,35,24
2021/9/18 16:58,56.1,11.55,31.2,50,31.4,35,24
2021/9/18 17:03,56.1,11.51,31.2,50,31.3,35,24
2021/9/18 17:08,56.1,11.56,31.02,50,31.3,35,24
2021/9/18 17:13,56.1,11.56,31.2,50,31.3,35,24
2021/9/18 17:18,56.1,11.54,31.2,50,31.3,35,24
2021/9/18 17:23,56.1,11.55,31.2,50,31.4,35,24
2021/9/18 17:28,56.1,11.54,31.05,50,31.3,34.8,24
2021/9/18 17:33,56.1,11.53,31.2,50,31.7,34.8,24
2021/9/18 17:38,56.1,11.56,31.34,50,31.7,35,24
2021/9/18 17:43,56.1,11.54,31.34,50,31.6,35,24
2021/9/18 17:48,56,11.56,31.34,50,31.6,35,24
2021/9/18 17:53,56,11.55,31.34,50,31.6,35,24
2021/9/18 17:58,56.1,11.55,31.34,50,31.7,35,24
2021/9/18 18:03,56,11.55,31.49,50,31.6,35,24
2021/9/18 18:08,56.1,11.55,31.34,50,31.5,35,24
2021/9/18 18:13,56,11.55,31.49,50,31.5,35,24
2021/9/18 18:18,56.1,11.58,31.2,50,31.6,35,24
2021/9/18 18:23,56,11.57,31.34,50,31.8,34.8,24
2021/9/18 18:28,56.1,11.56,31.05,50,30.7,34.8,24
2021/9/18 18:33,56,11.52,31.2,50,32.1,34.8,24
2021/9/18 18:38,56.1,11.56,31.49,50,31.8,35,24
2021/9/18 18:43,56.1,11.55,31.49,50,32.1,35,24
2021/9/18 18:48,56,11.54,31.49,50,31.3,35,24
2021/9/18 18:53,56.1,11.56,31.34,50,31.6,35,24
2021/9/18 18:58,56.1,11.56,31.34,50,32.2,35.1,24
2021/9/18 19:03,56.1,11.54,31.49,50,32,35,24
2021/9/18 19:08,56.1,11.54,31.34,50,32.2,35,24
2021/9/18 19:13,56.1,11.53,31.34,50,32.2,35,0
2021/9/18 19:18,56.1,11.53,31.34,50,31.6,35,24
2021/9/18 19:23,56.1,11.54,31.34,50,32.1,35,24
2021/9/18 19:28,56.1,11.55,31.02,50,30.5,34.8,24
2021/9/18 19:33,56.1,11.52,31.2,50,32.5,34.8,24
2021/9/18 19:38,56.1,11.52,31.49,50,32.3,35,24
2021/9/18 19:43,56.1,11.53,31.49,50,31.7,35,0
2021/9/18 19:48,56.1,11.51,31.49,50,31.5,35.1,24
2021/9/18 19:53,56.1,11.54,31.63,50,32.1,35.1,24
2021/9/18 19:58,56.1,11.51,31.49,50,31.8,35.1,24
2021/9/18 20:03,56,11.55,31.49,50,31.6,35,0
2021/9/18 20:08,56.1,11.54,31.49,50,32,35,24
2021/9/18 20:13,56.1,11.52,31.49,50,32.1,35,24
2021/9/18 20:18,56.1,11.58,31.49,50,31.6,35,24
2021/9/18 20:23,56,11.55,31.49,50,32,35,24
2021/9/18 20:28,56.1,11.54,31.49,50,30.8,35,24
2021/9/18 20:33,56.1,11.56,31.2,50,32.1,34.8,24
2021/9/18 20:38,56.1,11.53,31.49,50,32.2,35.1,24
2021/9/18 20:43,56.1,11.52,31.49,50,32.2,35,24
2021/9/18 20:48,56.1,11.51,31.49,50,31.7,35,0
2021/9/18 20:53,56,11.54,31.49,50,32.3,35.1,24
2021/9/18 20:58,56.1,11.53,31.49,50,31.5,35,0
2021/9/18 21:03,56,11.52,31.63,50,32.1,35,0
2021/9/18 21:08,56.1,11.52,31.49,50,31.6,35,24
2021/9/18 21:13,56.1,11.53,31.34,50,31.6,35,24
2021/9/18 21:18,56.1,11.56,31.49,50,32.1,35,0
2021/9/18 21:23,56.1,11.54,31.49,50,31.3,35,12
2021/9/18 21:28,56.1,11.58,31.34,50,31.5,35,24
2021/9/18 21:33,56.1,11.52,31.2,50,31.8,34.8,0
2021/9/18 21:38,56.1,11.51,31.49,50,32.5,35.1,24
2021/9/18 21:43,56,11.52,31.49,50,31.8,35,24
2021/9/18 21:48,56.1,11.54,31.63,50,31.8,35.1,0
2021/9/18 21:53,56.1,11.5,31.63,50,32.1,35.1,24
2021/9/18 21:58,56.1,11.55,31.63,50,32,35,0
2021/9/18 22:03,56,11.56,31.63,50,31.5,35,0
2021/9/18 22:08,56.1,11.55,31.63,50,31.7,35,24
2021/9/18 22:13,56.1,11.55,31.63,50,32.2,35.1,24
2021/9/18 22:18,56.1,11.54,31.49,50,32.1,35,24
2021/9/18 22:23,56,11.54,31.49,50,32.2,35,0
2021/9/18 22:28,56.1,11.55,31.63,50,31.4,35.1,0
2021/9/18 22:33,56.1,11.52,31.49,50,31.4,34.8,24
2021/9/18 22:38,56.1,11.54,31.49,50,32.2,35,24
2021/9/18 22:43,56.1,11.54,31.63,50,31.7,35,24
2021/9/18 22:48,56.1,11.57,31.63,50,32.4,35.1,24
2021/9/18 22:53,56,11.51,31.63,50,31.5,35,0
2021/9/18 22:58,56,11.53,31.63,50,32,35,24
2021/9/18 23:03,56.1,11.58,31.63,50,31.8,35,24
2021/9/18 23:08,56.1,11.54,31.63,50,32.1,35,24
2021/9/18 23:13,56.1,11.57,31.63,50,32.1,35,24
2021/9/18 23:18,56.1,11.56,31.63,50,32,35,0
2021/9/18 23:23,56.1,11.53,31.63,50,31.8,35,0
2021/9/18 23:28,56.1,11.54,31.49,50,32.3,35,0
2021/9/18 23:33,56.1,11.53,31.2,50,31.6,34.8,24
2021/9/18 23:38,56,11.56,31.63,50,32.3,34.8,0
2021/9/18 23:43,56.1,11.55,31.63,50,32.1,35,24
2021/9/18 23:48,56.1,11.51,31.63,50,32,35,8
2021/9/18 23:53,56.1,11.54,31.63,50,32.2,35.1,24
2021/9/18 23:58,56.1,11.57,31.63,50,32.2,35.1,24
2021/9/19 0:03,56.1,11.55,31.78,50,32.1,35.1,24
2021/9/19 0:08,56,11.56,31.63,50,31.7,35,24
2021/9/19 0:13,56,11.51,31.46,50,32.2,35,24
2021/9/19 0:18,56,11.51,31.63,50,32,35,24
2021/9/19 0:23,56.1,11.53,31.63,50,32,35.1,24
2021/9/19 0:28,56.1,11.53,31.46,50,31.6,35,0
2021/9/19 0:33,56.1,11.58,31.34,50,31,34.7,24
2021/9/19 0:38,56.1,11.54,31.63,50,32.4,34.8,0
2021/9/19 0:43,56.1,11.5,31.63,50,32.3,35.1,0
2021/9/19 0:48,56.1,11.53,31.63,50,32,35.1,0
2021/9/19 0:53,56.1,11.51,31.63,50,32.4,35,24
2021/9/19 0:58,56.1,11.49,31.78,50,32,35,24
2021/9/19 1:03,56,11.54,31.63,50,32.5,35.1,24
2021/9/19 1:08,56,11.55,31.63,50,32,35,24
2021/9/19 1:13,56,11.53,31.63,50,32,35,20
2021/9/19 1:18,56.1,11.48,31.63,50,32,35,0
2021/9/19 1:23,56,11.49,31.63,50,31.8,35,0
2021/9/19 1:28,56.1,11.54,31.63,50,32.1,35,0
2021/9/19 1:33,56.1,11.53,31.63,50,31.3,34.8,24
2021/9/19 1:38,56.1,11.51,31.63,50,32.4,34.8,24
2021/9/19 1:43,56,11.56,31.78,50,32.1,35,0
2021/9/19 1:48,56,12.38,31.78,50,31.6,35.1,0
2021/9/19 1:53,56.1,12.28,31.78,50,32,35,24
2021/9/19 1:58,56,11.52,31.78,50,32.1,35,0
2021/9/19 2:03,56.1,11.5,31.78,50,31.7,35,24
2021/9/19 2:08,56.1,11.46,31.63,50,31.8,35,0
2021/9/19 2:13,56.1,11.49,31.78,50,31.7,35,24
2021/9/19 2:18,56,11.53,31.63,50,32.1,35,24
2021/9/19 2:23,56.1,11.53,31.78,50,31.8,35,24
2021/9/19 2:28,56.1,11.52,31.63,50,32.1,35,0
2021/9/19 2:33,56,11.52,31.31,50,30.6,35,24
2021/9/19 2:38,56.1,11.51,31.49,50,32.3,34.8,24
2021/9/19 2:43,56,11.51,31.63,50,32.1,35,0
2021/9/19 2:48,56.1,11.49,31.63,50,32.2,35,24
2021/9/19 2:53,56,11.5,31.63,50,31.6,35.1,24
2021/9/19 2:58,56,11.51,31.78,50,32.2,35,24
2021/9/19 3:03,56,11.48,31.63,50,32.1,35,24
2021/9/19 3:08,56.1,11.51,31.63,50,32,35,24
2021/9/19 3:13,56.1,11.49,31.78,50,32.2,35,24
2021/9/19 3:18,56.1,11.49,31.78,50,32.2,35,24
2021/9/19 3:23,56.1,11.51,31.63,50,32.2,35,24
2021/9/19 3:28,56.1,11.5,31.78,50,32.1,35,0
2021/9/19 3:33,56,11.54,31.63,50,31.2,35,24
2021/9/19 3:38,56.1,11.47,31.49,50,32.3,34.8,24
2021/9/19 3:43,56.1,11.45,31.63,50,32.1,35,24
2021/9/19 3:48,56.1,11.48,31.63,50,32,35,24
2021/9/19 3:53,56,11.49,31.63,50,32.2,35,24
2021/9/19 3:58,56.1,11.52,31.78,50,32.4,35.1,0
2021/9/19 4:03,56,11.48,31.63,50,32,35.1,0
2021/9/19 4:08,56.1,11.49,31.63,50,31.7,35.1,0
2021/9/19 4:13,56,11.5,31.78,50,31.5,35,0
2021/9/19 4:18,56.1,11.48,31.63,50,31.7,35,24
2021/9/19 4:23,56.1,11.5,31.63,50,31.7,34.8,0
2021/9/19 4:28,56,11.48,31.63,50,32.1,35,0
2021/9/19 4:33,56.1,11.47,31.63,50,31.7,35,24
2021/9/19 4:38,56,11.51,31.49,50,32.2,34.8,0
2021/9/19 4:43,56.1,11.51,31.78,50,32.3,35,0
2021/9/19 4:53,0,0,0,0,0,0,0
2021/9/19 4:58,0,0,0,0,0,0,0
2021/9/19 5:03,0,0,0,0,0,0,0
2021/9/19 5:08,0,0,0,0,0,0,0
2021/9/19 5:13,0,0,0,0,0,0,0
2021/9/19 5:18,0,0,0,0,0,0,0
2021/9/19 5:23,0,0,0,0,0,0,0
2021/9/19 5:28,0,0,0,0,0,0,0
2021/9/19 5:33,0,0,0,0,0,0,0
2021/9/19 5:38,0,0,0,0,0,0,0
2021/9/19 5:43,0,0,0,0,0,0,0
2021/9/19 5:48,0,0,0,0,0,0,0
2021/9/19 5:53,0,0,0,0,0,0,0
2021/9/19 5:58,0,0,0,0,0,0,0
2021/9/19 6:03,0,0,0,0,0,0,0
2021/9/19 6:08,0,0,0,0,0,0,0
2021/9/19 6:13,0,0,0,0,0,0,0
2021/9/19 6:18,0,0,0,0,0,0,0
2021/9/19 6:23,0,0,0,0,0,0,0
2021/9/19 6:28,0,0,0,0,0,0,0
2021/9/19 6:33,0,0,0,0,0,0,0
2021/9/19 6:38,0,0,0,0,0,0,0
2021/9/19 6:43,0,0,0,0,0,0,0
2021/9/19 6:48,0,0,0,0,0,0,0
2021/9/19 6:53,0,0,0,0,0,0,0
2021/9/19 6:58,0,0,0,0,0,0,0
2021/9/19 7:03,0,0,0,0,0,0,0
2021/9/19 7:08,0,0,0,0,0,0,0
2021/9/19 7:13,0,0,0,0,0,0,0
2021/9/19 7:18,0,0,0,0,0,0,0
2021/9/19 7:23,0,0,0,0,0,0,0
2021/9/19 7:28,0,0,0,0,0,0,0
2021/9/19 7:33,0,0,0,0,0,0,0
2021/9/19 7:38,0,0,0,0,0,0,0
2021/9/19 7:43,0,0,0,0,0,0,0
2021/9/19 7:48,0,0,0,0,0,0,0
2021/9/19 7:53,0,0,0,0,0,0,0
2021/9/19 7:58,0,0,0,0,0,0,0
2021/9/19 8:03,0,0,0,0,0,0,0
2021/9/19 8:08,0,0,0,0,0,0,0
2021/9/19 8:13,0,0,0,0,0,0,0
2021/9/19 8:18,0,0,0,0,0,0,0
2021/9/19 8:23,0,0,0,0,0,0,0
2021/9/19 8:28,0,0,0,0,0,0,0
2021/9/19 8:33,0,0,0,0,0,0,0
2021/9/19 8:38,0,0,0,0,0,0,0
2021/9/19 8:43,0,0,0,0,0,0,0
2021/9/19 8:48,0,0,0,0,0,0,0
2021/9/19 8:53,0,0,0,0,0,0,0
2021/9/19 8:58,0,0,0,0,0,0,0
2021/9/19 9:03,0,0,0,0,0,0,0
2021/9/19 9:08,0,0,0,0,0,0,0
2021/9/19 9:13,0,0,0,0,0,0,0
2021/9/19 9:18,0,0,0,0,0,0,0
2021/9/19 9:23,0,0,0,0,0,0,0
2021/9/19 9:28,0,0,0,0,0,0,0
2021/9/19 9:33,0,0,0,0,0,0,0
2021/9/19 9:38,0,0,0,0,0,0,0
2021/9/19 9:43,0,0,0,0,0,0,0
2021/9/19 9:48,0,0,0,0,0,0,0
2021/9/19 9:53,0,0,0,0,0,0,0
2021/9/19 9:58,0,0,0,0,0,0,0
2021/9/19 10:03,0,0,0,0,0,0,0
2021/9/19 10:08,0,0,0,0,0,0,0
2021/9/19 10:13,0,0,0,0,0,0,0
2021/9/19 10:18,0,0,0,0,0,0,0
2021/9/19 10:23,0,0,0,0,0,0,0
2021/9/19 10:28,0,0,0,0,0,0,0
2021/9/19 10:33,0,0,0,0,0,0,0
2021/9/19 10:38,0,0,0,0,0,0,0
2021/9/19 10:43,0,0,0,0,0,0,0
2021/9/19 10:48,0,0,0,0,0,0,0
2021/9/19 10:53,0,0,0,0,0,0,0
2021/9/19 10:58,0,0,0,0,0,0,0
2021/9/19 11:03,0,0,0,0,0,0,0
2021/9/19 11:08,0,0,0,0,0,0,0
2021/9/19 11:13,0,0,0,0,0,0,0
2021/9/19 11:18,0,0,0,0,0,0,0
2021/9/19 11:23,0,0,0,0,0,0,0
2021/9/19 11:28,0,0,0,0,0,0,0
2021/9/19 11:33,0,0,0,0,0,0,0
2021/9/19 11:38,0,0,0,0,0,0,0
2021/9/19 11:43,0,0,0,0,0,0,0
2021/9/19 11:48,0,0,0,0,0,0,0
2021/9/19 11:53,0,0,0,0,0,0,0
2021/9/19 11:58,0,0,0,0,0,0,0
2021/9/19 12:03,0,0,0,0,0,0,0
2021/9/19 12:08,0,0,0,0,0,0,0
2021/9/19 12:13,0,0,0,0,0,0,0
2021/9/19 12:18,0,0,0,0,0,0,0
2021/9/19 12:23,0,0,0,0,0,0,0
2021/9/19 12:28,0,0,0,0,0,0,0
2021/9/19 12:33,0,0,0,0,0,0,0
2021/9/19 12:38,0,0,0,0,0,0,0
2021/9/19 12:43,0,0,0,0,0,0,0
2021/9/19 12:48,0,0,0,0,0,0,0
2021/9/19 12:53,0,0,0,0,0,0,0
2021/9/19 12:58,0,0,0,0,0,0,0
2021/9/19 13:03,0,0,0,0,0,0,0
2021/9/19 13:08,0,0,0,0,0,0,0
2021/9/19 13:13,0,0,0,0,0,0,0
2021/9/19 13:23,56.1,11.52,30.91,50,30.6,35,28
2021/9/19 13:28,56.1,11.54,30.91,50,30.8,35,24
2021/9/19 13:33,56,11.46,31.05,50,31.1,35,24
2021/9/19 13:38,56.1,11.53,30.91,50,30.8,35,28
2021/9/19 13:43,56.1,11.48,31.2,50,31.2,35,24
2021/9/19 13:48,56.1,11.5,30.91,50,30.7,35,24
2021/9/19 13:53,56,11.51,30.91,50,31.2,34.8,24
2021/9/19 13:58,56.1,11.53,30.91,50,31.5,35,24
2021/9/19 14:03,56.1,11.51,31.2,50,31.1,35.1,24
2021/9/19 14:08,56.1,11.53,31.2,50,30.8,35.1,24
2021/9/19 14:13,56,11.51,31.49,50,30.6,35,28
2021/9/19 14:18,56.1,11.49,31.34,50,30.8,35,24
2021/9/19 14:23,56.1,11.47,31.34,50,30.8,35,28
2021/9/19 14:28,56.1,11.51,31.2,50,31,35,24
2021/9/19 14:33,56.1,11.53,30.91,50,30.8,34.8,24
2021/9/19 14:38,56.1,11.52,30.91,50,31.6,34.8,24
2021/9/19 14:43,56.1,11.51,31.05,50,31.4,35,24
2021/9/19 14:48,56.1,11.52,30.91,50,31.6,34.8,24
2021/9/19 14:53,56.1,11.54,31.05,50,31.3,34.8,24
2021/9/19 14:58,56.1,11.51,31.05,50,31.5,34.8,24
2021/9/19 15:03,56.1,11.51,31.2,50,31.8,34.8,24
2021/9/19 15:08,56.1,11.5,31.2,50,31.3,35,24
2021/9/19 15:13,56.1,11.48,31.34,50,31.4,35,24
2021/9/19 15:18,56,11.5,31.34,50,31.4,35,24
2021/9/19 15:23,56.1,11.52,31.34,50,31.3,35,24
2021/9/19 15:28,56,11.5,31.34,50,31.7,35.1,24
2021/9/19 15:33,56.1,11.48,31.2,50,31.5,35.1,24
2021/9/19 15:38,56.1,11.5,31.2,50,31.2,35,24
2021/9/19 15:43,56,11.52,31.34,50,31.3,35,24
2021/9/19 15:48,56.1,11.51,31.2,50,31.5,34.8,24
2021/9/19 15:53,56.1,11.49,31.2,50,32,34.8,24
2021/9/19 15:58,56.1,11.48,31.2,50,31.5,34.8,24
2021/9/19 16:03,56,11.51,31.34,50,31.7,35,24
2021/9/19 16:08,56.1,11.52,31.2,50,31.5,34.8,24
2021/9/19 16:13,56.1,11.51,31.34,50,31.8,34.8,24
2021/9/19 16:18,56.1,11.48,31.34,50,31.5,35,24
2021/9/19 16:23,56.1,11.52,31.2,50,31.8,35,24
2021/9/19 16:28,56.1,11.49,31.2,50,31.7,35,24
2021/9/19 16:33,56,11.51,31.34,50,32.1,34.8,24
2021/9/19 16:38,56.1,11.5,31.34,50,32.2,35,24
2021/9/19 16:43,56.1,11.5,31.34,50,31.6,35,24
2021/9/19 16:48,56,11.48,31.34,50,32.2,35,0
2021/9/19 16:53,56.1,11.53,31.49,50,32,35.1,24
2021/9/19 16:58,56.1,11.55,31.2,50,31.7,35,24
2021/9/19 17:03,56,11.51,31.2,50,32.2,35,24
2021/9/19 17:08,56.1,11.47,31.49,50,32.3,35,24
2021/9/19 17:13,56.1,11.5,31.63,50,31.8,35.1,24
2021/9/19 17:18,56.1,11.48,31.49,50,31.7,35,24
2021/9/19 17:23,56,11.52,31.34,50,31.8,35,24
2021/9/19 17:28,56.1,11.51,31.49,50,32,35,24
2021/9/19 17:33,56.1,11.49,31.49,50,32,35,24
2021/9/19 17:38,56,11.51,31.49,50,32.1,35,24
2021/9/19 17:43,56,11.51,31.49,50,32.3,35,24
2021/9/19 17:48,56.1,11.51,31.34,50,32.1,35,24
2021/9/19 17:53,56,11.47,31.34,50,32.1,35,24
2021/9/19 17:58,56,11.52,31.2,50,31.3,34.8,24
2021/9/19 18:03,56.1,11.47,31.34,50,32.6,34.8,0
2021/9/19 18:08,56,11.51,31.49,50,32.3,35,0
2021/9/19 18:13,56,11.52,31.49,50,32.4,35,24
2021/9/19 18:18,56.1,11.5,31.49,50,32.3,35,24
2021/9/19 18:23,56.1,11.52,31.34,50,32.2,35,24
2021/9/19 18:28,56,11.5,31.49,50,32.3,35,24
2021/9/19 18:33,56.1,11.52,31.49,50,32.3,35,24
2021/9/19 18:38,56.1,11.48,31.49,50,32.2,35,24
2021/9/19 18:43,56,11.52,31.49,50,31.8,35.1,24
2021/9/19 18:48,56,11.51,31.49,50,32.4,35,24
2021/9/19 18:53,56.1,11.54,31.49,50,32.5,34.8,0
2021/9/19 18:58,56.1,11.5,31.49,50,31.2,35,24
2021/9/19 19:03,56.1,11.51,31.49,50,32.5,34.8,0
2021/9/19 19:08,56,11.53,31.78,50,32.4,35.1,24
2021/9/19 19:13,56,11.51,31.63,50,32.4,35,24
2021/9/19 19:18,56.1,11.51,31.78,50,32.4,35.1,24
2021/9/19 19:23,56.1,11.51,31.63,50,32.2,35.1,24
2021/9/19 19:28,56.1,11.51,31.63,50,32.5,35.1,0
2021/9/19 19:33,56,11.49,31.46,50,32.2,35.1,24
2021/9/19 19:38,56.1,11.54,31.49,50,32.2,35,24
2021/9/19 19:43,56,11.51,31.63,50,32,35,24
2021/9/19 19:48,56,11.51,31.49,50,32.3,35,0
2021/9/19 19:53,56.1,11.52,31.63,50,32,35.1,24
2021/9/19 19:58,56.1,11.53,31.49,50,31.2,35,24
2021/9/19 20:03,56.1,11.51,31.34,50,32.5,35,24
2021/9/19 20:08,56,11.52,31.49,50,32.3,35,0
2021/9/19 20:13,56.1,11.5,31.63,50,32.4,35,24
2021/9/19 20:18,56.1,11.52,31.63,50,31.8,35.1,24
2021/9/19 20:23,56,11.51,31.49,50,32.2,35,24
2021/9/19 20:28,56.1,11.52,31.49,50,32.2,35,24
2021/9/19 20:33,56.1,11.53,31.49,50,32.1,35,24
2021/9/19 20:38,56,11.52,31.49,50,32.4,35,24
2021/9/19 20:43,56,11.51,31.49,50,32,35,24
2021/9/19 20:48,56.1,11.51,31.63,50,32.2,35,24
2021/9/19 20:53,56,11.53,31.63,50,32.2,35,24
2021/9/19 20:58,56.1,11.55,31.49,50,31.5,35,24
2021/9/19 21:03,56.1,11.5,31.34,50,32.4,34.8,24
2021/9/19 21:08,56,11.52,31.63,50,32.3,35,24
2021/9/19 21:13,56,11.51,31.63,50,32.3,35.1,0
2021/9/19 21:18,56.1,11.5,31.63,50,32,35.1,0
2021/9/19 21:23,56,11.49,31.63,50,32.2,35.1,0
2021/9/19 21:28,56,11.54,31.63,50,31.6,35,0
2021/9/19 21:33,56,11.51,31.63,50,31.8,35,0
2021/9/19 21:38,56,11.52,31.63,50,32.1,35.1,0
2021/9/19 21:43,56,11.5,31.63,50,32.2,35,24
2021/9/19 21:48,56,11.51,31.46,50,32.2,35.1,0
2021/9/19 21:53,56.1,11.5,31.63,50,31.8,35,24
2021/9/19 21:58,56.1,11.52,31.63,50,32,35,24
2021/9/19 22:03,56.1,11.52,31.2,50,32.1,34.7,0
2021/9/19 22:08,56,11.53,31.63,50,32.6,35,24
2021/9/19 22:13,56.1,11.53,31.78,50,32.5,35.1,24
2021/9/19 22:18,56.1,11.51,31.63,50,32,35.1,24
2021/9/19 22:23,56.1,11.53,31.49,50,32.1,35,24
2021/9/19 22:28,56.1,11.51,31.63,50,32.2,35,0
2021/9/19 22:33,56,11.5,31.63,50,32,35,24
2021/9/19 22:38,56.1,11.51,31.49,50,32.2,35,24
2021/9/19 22:43,56,11.5,31.49,50,32.1,35,0
2021/9/19 22:48,56.1,11.47,31.49,50,32,35,24
2021/9/19 22:53,56.1,11.52,31.63,50,32.4,35,0
2021/9/19 22:58,56,11.51,31.63,50,32,35,24
2021/9/19 23:03,56.1,11.51,31.2,50,31.8,34.7,0
2021/9/19 23:08,56.1,11.49,31.49,50,32.7,35,0
2021/9/19 23:13,56.1,11.5,31.63,50,32.4,35,24
2021/9/19 23:18,56.1,11.51,31.63,50,32.3,35,24
2021/9/19 23:23,56.1,11.51,31.63,50,32.4,35,24
2021/9/19 23:28,56.1,11.52,31.63,50,32.2,35,0
2021/9/19 23:33,56.1,11.49,31.63,50,32.2,35.1,24
2021/9/19 23:38,56,11.49,31.63,50,32.2,35,24
2021/9/19 23:43,56.1,11.51,31.63,50,32,35,24
2021/9/19 23:48,56.1,11.51,31.63,50,32.5,35.1,24
2021/9/19 23:53,56.1,11.49,31.63,50,31.8,35,0
2021/9/19 23:58,56.1,11.51,31.63,50,32.4,35.1,24
2021/9/20 0:03,56.1,11.51,31.34,50,31.7,34.8,24
2021/9/20 0:08,56.1,11.51,31.31,50,32.5,34.8,24
2021/9/20 0:13,56.1,11.5,31.78,50,32.4,35,24
2021/9/20 0:18,56.1,11.49,31.78,50,32.1,35,24
2021/9/20 0:23,56.1,11.5,31.78,50,32.1,35.1,24
2021/9/20 0:28,56.1,11.52,31.63,50,31.8,35,24
2021/9/20 0:33,56.1,11.48,31.63,50,32.4,35.1,24
2021/9/20 0:38,56,11.51,31.63,50,32.1,35,24
2021/9/20 0:43,56.1,11.49,31.63,50,32.3,35,24
2021/9/20 0:48,56,11.52,31.63,50,32.1,35,24
2021/9/20 0:53,56.1,11.49,31.63,50,31.8,34.8,24
2021/9/20 0:58,56,11.5,31.63,50,32.4,35,24
2021/9/20 1:03,56,11.51,31.49,50,31.4,34.8,24
2021/9/20 1:08,56,11.5,31.63,50,32.6,35,24
2021/9/20 1:13,56.1,11.5,31.63,50,32.4,35,24
2021/9/20 1:18,56.1,11.5,31.78,50,32.3,35.1,24
2021/9/20 1:23,56.1,11.5,31.78,50,32.1,35.1,24
2021/9/20 1:28,56.1,11.49,31.78,50,32.2,35.1,0
2021/9/20 1:33,56.1,11.5,31.78,50,31.8,35.1,24
2021/9/20 1:38,56.1,11.51,31.78,50,32.2,35,24
2021/9/20 1:43,56,11.49,31.78,50,32.2,35.1,24
2021/9/20 1:48,56.1,11.51,31.78,50,32,35,24
2021/9/20 1:53,56.1,11.49,31.63,50,31.8,34.8,0
2021/9/20 1:58,56.1,11.5,31.63,50,32.5,35,24
2021/9/20 2:03,56.1,11.5,31.49,50,31.1,35,24
2021/9/20 2:08,56.1,11.51,31.31,50,32.4,34.8,0
2021/9/20 2:13,56.1,11.49,31.63,50,32.7,35.1,0
2021/9/20 2:18,56.1,11.52,31.78,50,32,35.1,0
2021/9/20 2:23,56.1,11.51,31.78,50,32.3,35,0
2021/9/20 2:28,56.1,11.5,31.78,50,32.2,35,24
2021/9/20 2:33,56.1,11.51,31.78,50,32.2,35.1,0
2021/9/20 2:38,56.1,11.51,31.63,50,32,35,0
2021/9/20 2:43,56.1,11.5,31.63,50,32.2,35,24
2021/9/20 2:48,56,11.51,31.78,50,31.8,35,24
2021/9/20 2:53,56.1,11.5,31.78,50,32,34.8,24
2021/9/20 2:58,56.1,11.48,31.63,50,32.2,35,24
2021/9/20 3:03,56.1,11.45,31.63,50,31.4,35,24
2021/9/20 3:08,56.1,11.5,31.46,50,32.5,34.8,0
2021/9/20 3:13,56.1,11.52,31.78,50,32.3,35,24
2021/9/20 3:18,56.1,11.49,31.78,50,32.4,35.1,24
2021/9/20 3:23,56,11.49,31.63,50,32.5,35,0
2021/9/20 3:28,56.1,11.5,31.6,50,32.4,35.1,24
2021/9/20 3:33,56,12.36,31.78,50,32.2,35.1,0
2021/9/20 3:38,56,12.37,31.78,50,31.8,35.1,24
2021/9/20 3:43,56,12.54,31.63,50,32.1,35,24
2021/9/20 3:48,56,12.32,31.63,50,32.1,35,24
2021/9/20 3:53,56.1,11.59,31.63,50,32,35,0
2021/9/20 3:58,56.1,11.57,31.63,50,32.3,35,24
2021/9/20 4:03,56.1,12.26,31.63,50,31.3,35,24
2021/9/20 4:08,56,12.08,31.49,50,32.3,34.8,24
2021/9/20 4:13,56.1,12.37,31.46,50,32.5,35,4
2021/9/20 4:18,56,12.99,31.78,50,32.3,35.1,0
2021/9/20 4:23,56.1,11.5,31.78,50,32.1,35.1,24
2021/9/20 4:28,56.1,11.51,31.63,50,32,35.1,24
2021/9/20 4:33,56,11.49,31.63,50,32.2,35,24
2021/9/20 4:38,56.1,11.52,31.63,50,32.2,35,24
2021/9/20 4:43,56.1,11.53,31.63,50,32.3,35,24
2021/9/20 4:53,0,0,0,0,0,0,0
2021/9/20 4:58,0,0,0,0,0,0,0
2021/9/20 5:03,0,0,0,0,0,0,0
2021/9/20 5:08,0,0,0,0,0,0,0
2021/9/20 5:13,0,0,0,0,0,0,0
2021/9/20 5:18,0,0,0,0,0,0,0
2021/9/20 5:23,0,0,0,0,0,0,0
2021/9/20 5:28,0,0,0,0,0,0,0
2021/9/20 5:33,0,0,0,0,0,0,0
2021/9/20 5:38,0,0,0,0,0,0,0
2021/9/20 5:43,0,0,0,0,0,0,0
2021/9/20 5:48,0,0,0,0,0,0,0
2021/9/20 5:53,0,0,0,0,0,0,0
2021/9/20 5:58,0,0,0,0,0,0,0
2021/9/20 6:03,0,0,0,0,0,0,0
2021/9/20 6:08,0,0,0,0,0,0,0
2021/9/20 6:13,0,0,0,0,0,0,0
2021/9/20 6:18,0,0,0,0,0,0,0
2021/9/20 6:23,0,0,0,0,0,0,0
2021/9/20 6:28,0,0,0,0,0,0,0
2021/9/20 6:33,0,0,0,0,0,0,0
2021/9/20 6:38,0,0,0,0,0,0,0
2021/9/20 6:43,0,0,0,0,0,0,0
2021/9/20 6:48,0,0,0,0,0,0,0
2021/9/20 6:53,0,0,0,0,0,0,0
2021/9/20 6:58,0,0,0,0,0,0,0
2021/9/20 7:03,0,0,0,0,0,0,0
2021/9/20 7:08,0,0,0,0,0,0,0
2021/9/20 7:13,0,0,0,0,0,0,0
2021/9/20 7:18,0,0,0,0,0,0,0
2021/9/20 7:23,0,0,0,0,0,0,0
2021/9/20 7:28,0,0,0,0,0,0,0
2021/9/20 7:33,0,0,0,0,0,0,0
2021/9/20 7:38,0,0,0,0,0,0,0
2021/9/20 7:43,0,0,0,0,0,0,0
2021/9/20 7:48,0,0,0,0,0,0,0
2021/9/20 7:53,0,0,0,0,0,0,0
2021/9/20 7:58,0,0,0,0,0,0,0
2021/9/20 8:03,0,0,0,0,0,0,0
2021/9/20 8:08,0,0,0,0,0,0,0
2021/9/20 8:13,0,0,0,0,0,0,0
2021/9/20 8:18,0,0,0,0,0,0,0
2021/9/20 8:23,0,0,0,0,0,0,0
2021/9/20 8:28,0,0,0,0,0,0,0
2021/9/20 8:33,0,0,0,0,0,0,0
2021/9/20 8:38,0,0,0,0,0,0,0
2021/9/20 8:43,0,0,0,0,0,0,0
2021/9/20 8:48,0,0,0,0,0,0,0
2021/9/20 8:53,0,0,0,0,0,0,0
2021/9/20 8:58,0,0,0,0,0,0,0
2021/9/20 9:03,0,0,0,0,0,0,0
2021/9/20 9:08,0,0,0,0,0,0,0
2021/9/20 9:13,0,0,0,0,0,0,0
2021/9/20 9:18,0,0,0,0,0,0,0
2021/9/20 9:23,0,0,0,0,0,0,0
2021/9/20 9:28,0,0,0,0,0,0,0
2021/9/20 9:33,0,0,0,0,0,0,0
2021/9/20 9:38,0,0,0,0,0,0,0
2021/9/20 9:43,0,0,0,0,0,0,0
2021/9/20 9:48,0,0,0,0,0,0,0
2021/9/20 9:53,0,0,0,0,0,0,0
2021/9/20 9:58,0,0,0,0,0,0,0
2021/9/20 10:03,0,0,0,0,0,0,0
2021/9/20 10:08,0,0,0,0,0,0,0
2021/9/20 10:13,0,0,0,0,0,0,0
2021/9/20 10:18,0,0,0,0,0,0,0
2021/9/20 10:23,0,0,0,0,0,0,0
2021/9/20 10:28,0,0,0,0,0,0,0
2021/9/20 10:33,0,0,0,0,0,0,0
2021/9/20 10:38,0,0,0,0,0,0,0
2021/9/20 10:43,0,0,0,0,0,0,0
2021/9/20 10:48,0,0,0,0,0,0,0
2021/9/20 10:53,0,0,0,0,0,0,0
2021/9/20 10:58,0,0,0,0,0,0,0
2021/9/20 11:03,0,0,0,0,0,0,0
2021/9/20 11:08,0,0,0,0,0,0,0
2021/9/20 11:13,0,0,0,0,0,0,0
2021/9/20 11:18,0,0,0,0,0,0,0
2021/9/20 11:23,0,0,0,0,0,0,0
2021/9/20 11:28,0,0,0,0,0,0,0
2021/9/20 11:33,0,0,0,0,0,0,0
2021/9/20 11:38,0,0,0,0,0,0,0
2021/9/20 11:43,0,0,0,0,0,0,0
2021/9/20 11:48,0,0,0,0,0,0,0
2021/9/20 11:53,0,0,0,0,0,0,0
2021/9/20 11:58,0,0,0,0,0,0,0
2021/9/20 12:03,0,0,0,0,0,0,0
2021/9/20 12:08,0,0,0,0,0,0,0
2021/9/20 12:13,0,0,0,0,0,0,0
2021/9/20 12:18,0,0,0,0,0,0,0
2021/9/20 12:23,0,0,0,0,0,0,0
2021/9/20 12:28,0,0,0,0,0,0,0
2021/9/20 12:33,0,0,0,0,0,0,0
2021/9/20 12:38,0,0,0,0,0,0,0
2021/9/20 12:43,0,0,0,0,0,0,0
2021/9/20 12:48,0,0,0,0,0,0,0
2021/9/20 12:53,0,0,0,0,0,0,0
2021/9/20 12:58,0,0,0,0,0,0,0
2021/9/20 13:03,0,0,0,0,0,0,0
2021/9/20 13:08,0,0,0,0,0,0,0
2021/9/20 13:13,0,0,0,0,0,0,0
2021/9/20 13:18,0,0,0,0,0,0,0
2021/9/20 13:23,0,0,0,0,0,0,0
2021/9/20 13:28,0,0,0,0,0,0,0
2021/9/20 13:33,0,0,0,0,0,0,0
2021/9/20 13:38,0,0,0,0,0,0,0
2021/9/20 13:43,0,0,0,0,0,0,0
2021/9/20 13:48,0,0,0,0,0,0,0
2021/9/20 13:53,0,0,0,0,0,0,0
2021/9/20 13:58,0,0,0,0,0,0,0
2021/9/20 14:03,0,0,0,0,0,0,0
2021/9/20 14:08,0,0,0,0,0,0,0
2021/9/20 14:13,0,0,0,0,0,0,0
2021/9/20 14:18,0,0,0,0,0,0,0
2021/9/20 14:23,0,0,0,0,0,0,0
2021/9/20 14:28,0,0,0,0,0,0,0
2021/9/20 14:33,0,0,0,0,0,0,0
2021/9/20 14:38,0,0,0,0,0,0,0
2021/9/20 14:43,0,0,0,0,0,0,0
2021/9/20 14:48,0,0,0,0,0,0,0
2021/9/20 14:53,0,0,0,0,0,0,0
2021/9/20 14:58,0,0,0,0,0,0,0
2021/9/20 15:03,0,0,0,0,0,0,0
2021/9/20 15:08,0,0,0,0,0,0,0
2021/9/20 15:13,0,0,0,0,0,0,0
2021/9/20 15:18,0,0,0,0,0,0,0
2021/9/20 15:23,0,0,0,0,0,0,0
2021/9/20 15:28,0,0,0,0,0,0,0
2021/9/20 15:33,0,0,0,0,0,0,0
2021/9/20 15:38,0,0,0,0,0,0,0
2021/9/20 15:43,0,0,0,0,0,0,0
2021/9/20 15:48,0,0,0,0,0,0,0
2021/9/20 15:53,0,0,0,0,0,0,0
2021/9/20 15:58,0,0,0,0,0,0,0
2021/9/20 16:03,0,0,0,0,0,0,0
2021/9/20 16:08,0,0,0,0,0,0,0
2021/9/20 16:13,0,0,0,0,0,0,0
2021/9/20 16:18,0,0,0,0,0,0,0
2021/9/20 16:23,0,0,0,0,0,0,0
2021/9/20 16:28,0,0,0,0,0,0,0
2021/9/20 16:33,0,0,0,0,0,0,0
2021/9/20 16:38,0,0,0,0,0,0,0
2021/9/20 16:43,0,0,0,0,0,0,0
2021/9/20 16:48,0,0,0,0,0,0,0
2021/9/20 16:53,0,0,0,0,0,0,0
2021/9/20 16:58,0,0,0,0,0,0,0
2021/9/20 17:03,0,0,0,0,0,0,0
2021/9/20 17:08,0,0,0,0,0,0,0
2021/9/20 17:13,0,0,0,0,0,0,0
2021/9/20 17:18,0,0,0,0,0,0,0
2021/9/20 17:23,0,0,0,0,0,0,0
2021/9/20 17:28,0,0,0,0,0,0,0
2021/9/20 17:33,0,0,0,0,0,0,0
2021/9/20 17:38,0,0,0,0,0,0,0
2021/9/20 17:43,0,0,0,0,0,0,0
2021/9/20 17:48,0,0,0,0,0,0,0
2021/9/20 17:53,0,0,0,0,0,0,0
2021/9/20 17:58,0,0,0,0,0,0,0
2021/9/20 18:03,0,0,0,0,0,0,0
2021/9/20 18:08,0,0,0,0,0,0,0
2021/9/20 18:13,0,0,0,0,0,0,0
2021/9/20 18:18,0,0,0,0,0,0,0
2021/9/20 18:23,0,0,0,0,0,0,0
2021/9/20 18:28,0,0,0,0,0,0,0
2021/9/20 18:33,0,0,0,0,0,0,0
2021/9/20 18:38,0,0,0,0,0,0,0
2021/9/20 18:43,0,0,0,0,0,0,0
2021/9/20 18:48,0,0,0,0,0,0,0
2021/9/20 18:53,0,0,0,0,0,0,0
2021/9/20 18:58,0,0,0,0,0,0,0
2021/9/20 19:03,0,0,0,0,0,0,0
2021/9/20 19:08,0,0,0,0,0,0,0
2021/9/20 19:13,0,0,0,0,0,0,0
2021/9/20 19:18,0,0,0,0,0,0,0
2021/9/20 19:23,0,0,0,0,0,0,0
2021/9/20 19:28,0,0,0,0,0,0,0
2021/9/20 19:33,0,0,0,0,0,0,0
2021/9/20 19:38,0,0,0,0,0,0,0
2021/9/20 19:43,0,0,0,0,0,0,0
2021/9/20 19:48,0,0,0,0,0,0,0
2021/9/20 19:53,0,0,0,0,0,0,0
2021/9/20 19:58,0,0,0,0,0,0,0
2021/9/20 20:03,0,0,0,0,0,0,0
2021/9/20 20:08,0,0,0,0,0,0,0
2021/9/20 20:13,0,0,0,0,0,0,0
2021/9/20 20:18,0,0,0,0,0,0,0
2021/9/20 20:23,0,0,0,0,0,0,0
2021/9/20 20:28,0,0,0,0,0,0,0
2021/9/20 20:33,0,0,0,0,0,0,0
2021/9/20 20:38,0,0,0,0,0,0,0
2021/9/20 20:43,0,0,0,0,0,0,0
2021/9/20 20:48,0,0,0,0,0,0,0
2021/9/20 20:53,0,0,0,0,0,0,0
2021/9/20 20:58,0,0,0,0,0,0,0
2021/9/20 21:03,0,0,0,0,0,0,0
2021/9/20 21:08,0,0,0,0,0,0,0
2021/9/20 21:13,0,0,0,0,0,0,0
2021/9/20 21:18,0,0,0,0,0,0,0
2021/9/20 21:23,0,0,0,0,0,0,0
2021/9/20 21:28,0,0,0,0,0,0,0
2021/9/20 21:33,0,0,0,0,0,0,0
2021/9/20 21:38,0,0,0,0,0,0,0
2021/9/20 21:43,0,0,0,0,0,0,0
2021/9/20 21:48,0,0,0,0,0,0,0
2021/9/20 21:53,0,0,0,0,0,0,0
2021/9/20 21:58,0,0,0,0,0,0,0
2021/9/20 22:03,0,0,0,0,0,0,0
2021/9/20 22:08,0,0,0,0,0,0,0
2021/9/20 22:13,0,0,0,0,0,0,0
2021/9/20 22:18,0,0,0,0,0,0,0
2021/9/20 22:23,0,0,0,0,0,0,0
2021/9/20 22:28,0,0,0,0,0,0,0
2021/9/20 22:33,0,0,0,0,0,0,0
2021/9/20 22:38,0,0,0,0,0,0,0
2021/9/20 22:43,0,0,0,0,0,0,0
2021/9/20 22:48,0,0,0,0,0,0,0
2021/9/20 22:53,0,0,0,0,0,0,0
2021/9/20 22:58,0,0,0,0,0,0,0
2021/9/20 23:03,0,0,0,0,0,0,0
2021/9/20 23:08,0,0,0,0,0,0,0
2021/9/20 23:13,0,0,0,0,0,0,0
2021/9/20 23:18,0,0,0,0,0,0,0
2021/9/20 23:23,0,0,0,0,0,0,0
2021/9/20 23:28,0,0,0,0,0,0,0
2021/9/20 23:33,0,0,0,0,0,0,0
2021/9/20 23:38,0,0,0,0,0,0,0
2021/9/20 23:43,0,0,0,0,0,0,0
2021/9/20 23:48,0,0,0,0,0,0,0
2021/9/20 23:53,0,0,0,0,0,0,0
2021/9/20 23:58,0,0,0,0,0,0,0
2021/9/21 0:03,0,0,0,0,0,0,0
2021/9/21 0:08,0,0,0,0,0,0,0
2021/9/21 0:13,0,0,0,0,0,0,0
2021/9/21 0:18,0,0,0,0,0,0,0
2021/9/21 0:23,0,0,0,0,0,0,0
2021/9/21 0:28,0,0,0,0,0,0,0
2021/9/21 0:33,0,0,0,0,0,0,0
2021/9/21 0:38,0,0,0,0,0,0,0
2021/9/21 0:43,0,0,0,0,0,0,0
2021/9/21 0:48,0,0,0,0,0,0,0
2021/9/21 0:53,0,0,0,0,0,0,0
2021/9/21 0:58,0,0,0,0,0,0,0
2021/9/21 1:03,0,0,0,0,0,0,0
2021/9/21 1:08,0,0,0,0,0,0,0
2021/9/21 1:13,0,0,0,0,0,0,0
2021/9/21 1:18,0,0,0,0,0,0,0
2021/9/21 1:23,0,0,0,0,0,0,0
2021/9/21 1:28,0,0,0,0,0,0,0
2021/9/21 1:33,0,0,0,0,0,0,0
2021/9/21 1:38,0,0,0,0,0,0,0
2021/9/21 1:43,0,0,0,0,0,0,0
2021/9/21 1:48,0,0,0,0,0,0,0
2021/9/21 1:53,0,0,0,0,0,0,0
2021/9/21 1:58,0,0,0,0,0,0,0
2021/9/21 2:03,0,0,0,0,0,0,0
2021/9/21 2:08,0,0,0,0,0,0,0
2021/9/21 2:13,0,0,0,0,0,0,0
2021/9/21 2:18,0,0,0,0,0,0,0
2021/9/21 2:23,0,0,0,0,0,0,0
2021/9/21 2:28,0,0,0,0,0,0,0
2021/9/21 2:33,0,0,0,0,0,0,0
2021/9/21 2:38,0,0,0,0,0,0,0
2021/9/21 2:43,0,0,0,0,0,0,0
2021/9/21 2:48,0,0,0,0,0,0,0
2021/9/21 2:53,0,0,0,0,0,0,0
2021/9/21 2:58,0,0,0,0,0,0,0
2021/9/21 3:03,0,0,0,0,0,0,0
2021/9/21 3:08,0,0,0,0,0,0,0
2021/9/21 3:13,0,0,0,0,0,0,0
2021/9/21 3:18,0,0,0,0,0,0,0
2021/9/21 3:23,0,0,0,0,0,0,0
2021/9/21 3:28,0,0,0,0,0,0,0
2021/9/21 3:33,0,0,0,0,0,0,0
2021/9/21 3:38,0,0,0,0,0,0,0
2021/9/21 3:43,0,0,0,0,0,0,0
2021/9/21 3:48,0,0,0,0,0,0,0
2021/9/21 3:53,0,0,0,0,0,0,0
2021/9/21 3:58,0,0,0,0,0,0,0
2021/9/21 4:03,0,0,0,0,0,0,0
2021/9/21 4:08,0,0,0,0,0,0,0
2021/9/21 4:13,0,0,0,0,0,0,0
2021/9/21 4:18,0,0,0,0,0,0,0
2021/9/21 4:23,0,0,0,0,0,0,0
2021/9/21 4:28,0,0,0,0,0,0,0
2021/9/21 4:33,0,0,0,0,0,0,0
2021/9/21 4:38,0,0,0,0,0,0,0
2021/9/21 4:43,0,0,0,0,0,0,0
2021/9/21 4:48,0,0,0,0,0,0,0
2021/9/21 4:53,0,0,0,0,0,0,0
2021/9/21 4:58,0,0,0,0,0,0,0
2021/9/21 5:03,0,0,0,0,0,0,0
2021/9/21 5:08,0,0,0,0,0,0,0
2021/9/21 5:13,0,0,0,0,0,0,0
2021/9/21 5:18,0,0,0,0,0,0,0
2021/9/21 5:23,0,0,0,0,0,0,0
2021/9/21 5:28,0,0,0,0,0,0,0
2021/9/21 5:33,0,0,0,0,0,0,0
2021/9/21 5:38,0,0,0,0,0,0,0
2021/9/21 5:43,0,0,0,0,0,0,0
2021/9/21 5:48,0,0,0,0,0,0,0
2021/9/21 5:53,0,0,0,0,0,0,0
2021/9/21 5:58,0,0,0,0,0,0,0
2021/9/21 6:03,0,0,0,0,0,0,0
2021/9/21 6:08,0,0,0,0,0,0,0
2021/9/21 6:13,0,0,0,0,0,0,0
2021/9/21 6:18,0,0,0,0,0,0,0
2021/9/21 6:23,0,0,0,0,0,0,0
2021/9/21 6:28,0,0,0,0,0,0,0
2021/9/21 6:33,0,0,0,0,0,0,0
2021/9/21 6:38,0,0,0,0,0,0,0
2021/9/21 6:43,0,0,0,0,0,0,0
2021/9/21 6:48,0,0,0,0,0,0,0
2021/9/21 6:53,0,0,0,0,0,0,0
2021/9/21 6:58,0,0,0,0,0,0,0
2021/9/21 7:03,0,0,0,0,0,0,0
2021/9/21 7:08,0,0,0,0,0,0,0
2021/9/21 7:13,0,0,0,0,0,0,0
2021/9/21 7:18,0,0,0,0,0,0,0
2021/9/21 7:23,0,0,0,0,0,0,0
2021/9/21 7:28,0,0,0,0,0,0,0
2021/9/21 7:33,0,0,0,0,0,0,0
2021/9/21 7:38,0,0,0,0,0,0,0
2021/9/21 7:43,0,0,0,0,0,0,0
2021/9/21 7:48,0,0,0,0,0,0,0
2021/9/21 7:53,0,0,0,0,0,0,0
2021/9/21 7:58,0,0,0,0,0,0,0
2021/9/21 8:03,0,0,0,0,0,0,0
2021/9/21 8:08,0,0,0,0,0,0,0
2021/9/21 8:13,0,0,0,0,0,0,0
2021/9/21 8:18,0,0,0,0,0,0,0
2021/9/21 8:23,0,0,0,0,0,0,0
2021/9/21 8:28,0,0,0,0,0,0,0
2021/9/21 8:33,0,0,0,0,0,0,0
2021/9/21 8:38,0,0,0,0,0,0,0
2021/9/21 8:43,0,0,0,0,0,0,0
2021/9/21 8:48,0,0,0,0,0,0,0
2021/9/21 8:53,0,0,0,0,0,0,0
2021/9/21 8:58,0,0,0,0,0,0,0
2021/9/21 9:03,0,0,0,0,0,0,0
2021/9/21 9:08,0,0,0,0,0,0,0
2021/9/21 9:13,0,0,0,0,0,0,0
2021/9/21 9:18,0,0,0,0,0,0,0
2021/9/21 9:23,0,0,0,0,0,0,0
2021/9/21 9:28,0,0,0,0,0,0,0
2021/9/21 9:33,0,0,0,0,0,0,0
2021/9/21 9:38,0,0,0,0,0,0,0
2021/9/21 9:43,0,0,0,0,0,0,0
2021/9/21 9:48,0,0,0,0,0,0,0
2021/9/21 9:53,0,0,0,0,0,0,0
2021/9/21 9:58,0,0,0,0,0,0,0
2021/9/21 10:03,0,0,0,0,0,0,0
2021/9/21 10:08,0,0,0,0,0,0,0
2021/9/21 10:13,0,0,0,0,0,0,0
2021/9/21 10:18,0,0,0,0,0,0,0
2021/9/21 10:23,0,0,0,0,0,0,0
2021/9/21 10:28,0,0,0,0,0,0,0
2021/9/21 10:33,0,0,0,0,0,0,0
2021/9/21 10:38,0,0,0,0,0,0,0
2021/9/21 10:43,0,0,0,0,0,0,0
2021/9/21 10:48,0,0,0,0,0,0,0
2021/9/21 10:53,0,0,0,0,0,0,0
2021/9/21 10:58,0,0,0,0,0,0,0
2021/9/21 11:03,0,0,0,0,0,0,0
2021/9/21 11:08,0,0,0,0,0,0,0
2021/9/21 11:13,0,0,0,0,0,0,0
2021/9/21 11:18,0,0,0,0,0,0,0
2021/9/21 11:23,0,0,0,0,0,0,0
2021/9/21 11:28,0,0,0,0,0,0,0
2021/9/21 11:33,0,0,0,0,0,0,0
2021/9/21 11:38,0,0,0,0,0,0,0
2021/9/21 11:43,0,0,0,0,0,0,0
2021/9/21 11:48,0,0,0,0,0,0,0
2021/9/21 11:53,0,0,0,0,0,0,0
2021/9/21 11:58,0,0,0,0,0,0,0
2021/9/21 12:03,0,0,0,0,0,0,0
2021/9/21 12:08,0,0,0,0,0,0,0
2021/9/21 12:13,0,0,0,0,0,0,0
2021/9/21 12:18,0,0,0,0,0,0,0
2021/9/21 12:23,0,0,0,0,0,0,0
2021/9/21 12:28,0,0,0,0,0,0,0
2021/9/21 12:33,0,0,0,0,0,0,0
2021/9/21 12:38,0,0,0,0,0,0,0
2021/9/21 12:43,0,0,0,0,0,0,0
2021/9/21 12:48,0,0,0,0,0,0,0
2021/9/21 12:53,0,0,0,0,0,0,0
2021/9/21 12:58,0,0,0,0,0,0,0
2021/9/21 13:03,0,0,0,0,0,0,0
2021/9/21 13:08,0,0,0,0,0,0,0
2021/9/21 13:13,0,0,0,0,0,0,0
2021/9/21 13:18,0,0,0,0,0,0,0
2021/9/21 13:28,56.1,11.79,31.34,50,30.2,34.8,24
2021/9/21 13:33,56.1,11.79,31.34,50,30,35,28
2021/9/21 13:38,56,11.75,31.2,50,30,35,28
2021/9/21 13:43,56.1,11.79,31.05,50,29.9,35,28
2021/9/21 13:48,56,11.79,30.76,50,30.1,34.8,28
2021/9/21 13:53,56,11.79,30.76,50,30.3,34.8,24
2021/9/21 13:58,56.1,11.82,30.76,50,30.4,34.8,24
2021/9/21 14:03,56.1,11.76,30.91,50,30.7,34.8,24
2021/9/21 14:08,56.1,11.82,31.05,50,30.4,35,28
2021/9/21 14:13,56.1,11.81,31.05,50,30.4,35,28
2021/9/21 14:18,56,11.83,31.05,50,30.7,35,24
2021/9/21 14:23,56,11.83,31.02,50,30.6,35,28
2021/9/21 14:28,56.1,11.84,31.2,50,30.5,35,24
2021/9/21 14:33,56.1,11.8,31.2,50,31,35,24
2021/9/21 14:38,56,11.56,31.2,50,30.7,35,24
2021/9/21 14:43,56,11.57,31.05,50,31,35,24
2021/9/21 14:48,56.1,11.56,31.05,50,30.7,34.8,24
2021/9/21 14:53,56.1,11.54,31.05,50,31.1,35,24
2021/9/21 14:58,56.1,11.58,31.05,50,31.1,34.8,24
2021/9/21 15:03,56.1,11.59,31.2,50,31.1,35,24
2021/9/21 15:08,56,11.57,31.2,50,31,35,24
2021/9/21 15:13,56.1,11.59,31.2,50,31.2,35,24
2021/9/21 15:18,56.1,11.6,31.2,50,30.8,35,24
2021/9/21 15:23,56.1,11.59,31.2,50,31.2,34.8,24
2021/9/21 15:28,56,11.6,31.49,50,31.1,35,24
2021/9/21 15:33,56.1,11.58,31.49,50,31.2,35,24
2021/9/21 15:38,56.1,11.59,31.49,50,31.1,35,24
2021/9/21 15:43,56.1,11.59,31.63,50,31.1,35,24
2021/9/21 15:48,56.1,11.58,31.49,50,30.8,35,24
2021/9/21 15:53,56.1,11.62,31.49,50,31,35,24
2021/9/21 15:58,56.1,11.58,31.49,50,30.8,35,24
2021/9/21 16:03,56.1,11.58,31.49,50,31,34.8,24
2021/9/21 16:08,56.1,11.57,31.49,50,31.2,35,24
2021/9/21 16:13,56.1,11.58,31.34,50,31.2,35.1,24
2021/9/21 16:18,56,11.57,31.31,50,31.1,35,24
2021/9/21 16:23,56.1,11.57,31.34,50,31,35,24
2021/9/21 16:28,56.1,11.6,31.34,50,31.2,34.8,24
2021/9/21 16:33,56.1,11.58,31.17,50,31.4,35,24
2021/9/21 16:38,56,11.61,31.34,50,31.2,35,24
2021/9/21 16:43,56,11.61,31.34,50,31.2,35,24
2021/9/21 16:48,56,11.58,31.2,50,31.4,34.8,24
2021/9/21 16:53,56,11.59,31.34,50,31.3,35,24
2021/9/21 16:58,56.1,11.62,31.34,50,31.3,34.8,24
2021/9/21 17:03,56,11.58,31.49,50,31.4,34.8,24
2021/9/21 17:08,56.1,11.6,31.49,50,31.4,35,24
2021/9/21 17:13,56.1,11.6,31.31,50,31.5,35,24
2021/9/21 17:18,56.1,11.62,31.49,50,31.5,35,24
2021/9/21 17:23,56.1,11.57,31.34,50,31.1,35,24
2021/9/21 17:28,56.1,11.6,31.34,50,31.8,34.8,24
2021/9/21 17:33,56.1,11.62,31.17,50,31.5,34.8,24
2021/9/21 17:38,56,11.61,31.31,50,31.5,35,24
2021/9/21 17:43,56,11.62,31.49,50,31.5,35,24
2021/9/21 17:48,56.1,11.6,31.34,50,31.5,35,24
2021/9/21 17:53,56.1,11.61,31.49,50,31.6,34.8,24
2021/9/21 17:58,56.1,11.61,31.49,50,31.6,34.8,24
2021/9/21 18:03,56,11.59,31.49,50,31.6,35,24
2021/9/21 18:08,56.1,11.59,31.49,50,31.5,35,24
2021/9/21 18:13,56,11.62,31.49,50,31.7,35,24
2021/9/21 18:18,56.1,11.57,31.49,50,31.7,35,0
2021/9/21 18:23,56,11.59,31.49,50,31.1,35,24
2021/9/21 18:28,56.1,11.63,31.49,50,32,35,0
2021/9/21 18:33,56,11.62,31.63,50,31.5,35,24
2021/9/21 18:38,56.1,11.64,31.63,50,31.7,35,24
2021/9/21 18:43,56.1,11.61,31.49,50,31.6,35,24
2021/9/21 18:48,56,11.64,31.63,50,31.8,35,24
2021/9/21 18:53,56.1,11.65,31.49,50,32.1,35,24
2021/9/21 18:58,56.1,11.64,31.49,50,31.8,35,24
2021/9/21 19:03,56.1,11.64,31.49,50,31.7,35,24
2021/9/21 19:08,56.1,11.62,31.31,50,32.3,35,0
2021/9/21 19:13,56.1,11.65,31.63,50,31.5,35,24
2021/9/21 19:18,56.1,11.62,31.49,50,32.2,35,24
2021/9/21 19:23,56.1,11.62,31.49,50,30.7,35,24
2021/9/21 19:28,56,11.63,31.34,50,32.4,34.8,24
2021/9/21 19:33,56.1,11.6,31.63,50,32.5,35,24
2021/9/21 19:38,56.1,11.61,31.63,50,32.1,35.1,0
2021/9/21 19:43,56,11.62,31.63,50,31.3,35,24
2021/9/21 19:48,56.1,11.65,31.63,50,31.8,35,24
2021/9/21 19:53,56,11.63,31.63,50,32,35,0
2021/9/21 19:58,56.1,11.64,31.63,50,31.8,35,24
2021/9/21 20:03,56.1,11.62,31.63,50,32.3,35,24
2021/9/21 20:08,56.1,11.63,31.63,50,32.4,35,0
2021/9/21 20:13,56,11.63,31.78,50,32,35.1,24
2021/9/21 20:18,56.1,11.65,31.63,50,31.8,35,0
2021/9/21 20:23,56.1,11.63,31.63,50,31.7,35,24
2021/9/21 20:28,56,11.63,31.31,50,32.3,34.8,0
2021/9/21 20:33,56.1,11.63,31.63,50,32,35,24
2021/9/21 20:38,56.1,11.63,31.63,50,31.5,35,24
2021/9/21 20:43,56.1,11.62,31.63,50,32,34.8,24
2021/9/21 20:48,56.1,11.62,31.63,50,32.2,35,24
2021/9/21 20:53,56.1,11.6,31.63,50,31.8,35.1,24
2021/9/21 20:58,56.1,11.6,31.78,50,31.7,35,24
2021/9/21 21:03,56.1,11.63,31.63,50,32,35,24
2021/9/21 21:08,56.1,11.58,31.63,50,32,35,24
2021/9/21 21:13,56.1,11.59,31.63,50,32,35,24
2021/9/21 21:18,56.1,11.65,31.63,50,32,35,24
2021/9/21 21:23,56.1,11.6,31.63,50,31.3,35,24
2021/9/21 21:28,56.1,11.61,31.34,50,32.2,34.8,24
2021/9/21 21:33,56.1,11.63,31.63,50,32.4,35,24
2021/9/21 21:38,56,11.62,31.63,50,32.4,35.1,24
2021/9/21 21:43,56.1,11.6,31.63,50,31.8,35.1,24
2021/9/21 21:48,56.1,11.64,31.63,50,32.3,35,24
2021/9/21 21:53,56.1,11.63,31.78,50,32.5,35.1,24
2021/9/21 21:58,56.1,11.62,31.78,50,31.3,35,24
2021/9/21 22:03,56.1,11.62,31.63,50,32.2,35,24
2021/9/21 22:08,56.1,11.67,31.63,50,32.3,35,24
2021/9/21 22:13,56,11.61,31.63,50,31.7,35,24
2021/9/21 22:18,56.1,11.64,31.63,50,32.2,35,24
2021/9/21 22:23,56,11.62,31.63,50,32,35,24
2021/9/21 22:28,56.1,11.6,31.63,50,31.5,34.8,24
2021/9/21 22:33,56.1,11.61,31.63,50,32.4,34.8,24
2021/9/21 22:38,56.1,11.64,31.78,50,32.1,35.1,24
2021/9/21 22:43,56,11.65,31.78,50,32.3,35.1,24
2021/9/21 22:48,56,11.62,31.63,50,31.8,35,24
2021/9/21 22:53,56.1,11.65,31.63,50,32.1,35,24
2021/9/21 22:58,56,11.66,31.46,50,32.1,35,24
2021/9/21 23:03,56.1,11.6,31.63,50,32,35,0
2021/9/21 23:08,56,11.66,31.63,50,32.3,35,0
2021/9/21 23:13,56.1,11.62,31.78,50,32,35,0
2021/9/21 23:18,56,11.63,31.63,50,31.8,35,24
2021/9/21 23:23,56.1,11.62,31.49,50,31.8,35,0
2021/9/21 23:28,56.1,11.61,31.49,50,32,34.8,0
2021/9/21 23:33,56,11.64,31.63,50,32.2,34.8,0
2021/9/21 23:38,56.1,11.65,31.63,50,32.2,35.1,24
2021/9/21 23:43,56.1,11.62,31.78,50,32.2,35,24
2021/9/21 23:48,56.1,11.62,31.63,50,32.2,35,0
2021/9/21 23:53,56,11.62,31.63,50,32.1,35,0
2021/9/21 23:58,56,11.62,31.78,50,31.7,35,4
2021/9/22 0:03,56,11.62,31.63,50,32.1,35,24
2021/9/22 0:08,56.1,11.67,31.63,50,31.5,35,12
2021/9/22 0:13,56.1,11.6,31.78,50,31.7,35,24
2021/9/22 0:18,56,11.6,31.78,50,32.2,35,24
2021/9/22 0:23,56,11.63,31.63,50,31.6,35,0
2021/9/22 0:28,56.1,11.61,31.63,50,31,34.8,24
2021/9/22 0:33,56.1,11.62,31.63,50,32.2,34.8,24
2021/9/22 0:38,56.1,11.61,31.63,50,32.3,35,24
2021/9/22 0:43,56,11.58,31.78,50,32.2,35.1,0
2021/9/22 0:48,56,11.63,31.78,50,31.8,35.1,0
2021/9/22 0:53,56.1,11.62,31.78,50,32.2,35,0
2021/9/22 0:58,56.1,11.63,31.78,50,31.8,35,0
2021/9/22 1:03,56.1,11.64,31.78,50,32.1,35,24
2021/9/22 1:08,56,11.61,31.78,50,32.1,35,24
2021/9/22 1:13,56.1,11.56,31.78,50,31.8,35,24
2021/9/22 1:18,56.1,11.58,31.78,50,31.6,35,24
2021/9/22 1:23,56,11.57,31.78,50,32,35,24
2021/9/22 1:28,56.1,11.57,31.49,50,30.8,34.8,24
2021/9/22 1:33,56.1,11.57,31.63,50,32.5,34.8,24
2021/9/22 1:38,56,11.58,31.78,50,32.5,35,24
2021/9/22 1:43,56.1,11.59,31.78,50,32.5,35.1,24
2021/9/22 1:48,56,11.61,31.78,50,31.7,35.1,0
2021/9/22 1:53,56,11.59,31.78,50,32.2,35,24
2021/9/22 1:58,56,11.6,31.78,50,31.8,35.1,24
2021/9/22 2:03,56.1,11.61,31.78,50,32.2,35,24
2021/9/22 2:08,56.1,11.62,31.78,50,31.8,35,24
2021/9/22 2:13,56,11.62,31.63,50,32.1,35,24
2021/9/22 2:18,56,11.62,31.78,50,32.3,35,24
2021/9/22 2:23,56.1,11.59,31.78,50,32.4,35,24
2021/9/22 2:28,56,11.57,31.63,50,31,35,24
2021/9/22 2:33,56.1,11.6,31.63,50,32.6,34.8,8
2021/9/22 2:38,56.1,11.62,31.78,50,32.4,35,24
2021/9/22 2:43,56.1,11.58,31.78,50,32.6,35.1,24
2021/9/22 2:48,56.1,11.58,31.78,50,32,35,0
2021/9/22 2:53,56.1,11.63,31.78,50,32,35,24
2021/9/22 2:58,56.1,11.62,31.92,50,32.1,35,0
2021/9/22 3:03,56.1,11.57,31.78,50,32.4,35,24
2021/9/22 3:08,56.1,11.58,31.78,50,32,35.1,24
2021/9/22 3:13,56,11.59,31.78,50,32.1,34.8,0
2021/9/22 3:18,56.1,11.62,31.78,50,32.7,35,24
2021/9/22 3:23,56.1,11.59,31.78,50,32,35,24
2021/9/22 3:28,56,11.56,31.78,50,31.6,35,24
2021/9/22 3:33,56.1,11.57,31.78,50,32.5,34.8,24
2021/9/22 3:38,56,11.57,31.78,50,32.3,35,24
2021/9/22 3:43,56.1,11.55,31.92,50,32.2,35,24
2021/9/22 3:48,56.1,11.53,31.92,50,32.3,35.1,24
2021/9/22 3:53,56.1,11.57,31.92,50,32.8,35.1,24
2021/9/22 3:58,56,11.52,31.78,50,32.1,35.1,24
2021/9/22 4:03,56.1,11.54,31.78,50,32.3,35,0
2021/9/22 4:08,56.1,11.57,31.78,50,32,35,0
2021/9/22 4:13,56.1,11.56,31.92,50,32.7,35,24
2021/9/22 4:18,56.1,11.54,31.92,50,32.3,35,24
2021/9/22 4:23,56.1,11.56,31.78,50,32.2,35,4
2021/9/22 4:28,56,11.54,31.78,50,31.6,35,24
2021/9/22 4:33,56,11.57,31.63,50,32,34.8,24
2021/9/22 4:38,56.1,11.58,31.63,50,32.4,35,24
2021/9/22 4:43,56.1,11.52,31.78,50,32.1,35,0
2021/9/22 4:53,0,0,0,0,0,0,0
2021/9/22 4:58,0,0,0,0,0,0,0
2021/9/22 5:03,0,0,0,0,0,0,0
2021/9/22 5:08,0,0,0,0,0,0,0
2021/9/22 5:13,0,0,0,0,0,0,0
2021/9/22 5:18,0,0,0,0,0,0,0
2021/9/22 5:23,0,0,0,0,0,0,0
2021/9/22 5:28,0,0,0,0,0,0,0
2021/9/22 5:33,0,0,0,0,0,0,0
2021/9/22 5:38,0,0,0,0,0,0,0
2021/9/22 5:43,0,0,0,0,0,0,0
2021/9/22 5:48,0,0,0,0,0,0,0
2021/9/22 5:53,0,0,0,0,0,0,0
2021/9/22 5:58,0,0,0,0,0,0,0
2021/9/22 6:03,0,0,0,0,0,0,0
2021/9/22 6:08,0,0,0,0,0,0,0
2021/9/22 6:13,0,0,0,0,0,0,0
2021/9/22 6:18,0,0,0,0,0,0,0
2021/9/22 6:23,0,0,0,0,0,0,0
2021/9/22 6:28,0,0,0,0,0,0,0
2021/9/22 6:33,0,0,0,0,0,0,0
2021/9/22 6:38,0,0,0,0,0,0,0
2021/9/22 6:43,0,0,0,0,0,0,0
2021/9/22 6:48,0,0,0,0,0,0,0
2021/9/22 6:53,0,0,0,0,0,0,0
2021/9/22 6:58,0,0,0,0,0,0,0
2021/9/22 7:03,0,0,0,0,0,0,0
2021/9/22 7:08,0,0,0,0,0,0,0
2021/9/22 7:13,0,0,0,0,0,0,0
2021/9/22 7:18,0,0,0,0,0,0,0
2021/9/22 7:23,0,0,0,0,0,0,0
2021/9/22 7:28,0,0,0,0,0,0,0
2021/9/22 7:33,0,0,0,0,0,0,0
2021/9/22 7:38,0,0,0,0,0,0,0
2021/9/22 7:43,0,0,0,0,0,0,0
2021/9/22 7:48,0,0,0,0,0,0,0
2021/9/22 7:53,0,0,0,0,0,0,0
2021/9/22 7:58,0,0,0,0,0,0,0
2021/9/22 8:03,0,0,0,0,0,0,0
2021/9/22 8:08,0,0,0,0,0,0,0
2021/9/22 8:13,0,0,0,0,0,0,0
2021/9/22 8:18,0,0,0,0,0,0,0
2021/9/22 8:23,0,0,0,0,0,0,0
2021/9/22 8:28,0,0,0,0,0,0,0
2021/9/22 8:33,0,0,0,0,0,0,0
2021/9/22 8:38,0,0,0,0,0,0,0
2021/9/22 8:43,0,0,0,0,0,0,0
2021/9/22 8:48,0,0,0,0,0,0,0
2021/9/22 8:53,0,0,0,0,0,0,0
2021/9/22 8:58,0,0,0,0,0,0,0
2021/9/22 9:03,0,0,0,0,0,0,0
2021/9/22 9:08,0,0,0,0,0,0,0
2021/9/22 9:13,0,0,0,0,0,0,0
2021/9/22 9:18,0,0,0,0,0,0,0
2021/9/22 9:23,0,0,0,0,0,0,0
2021/9/22 9:28,0,0,0,0,0,0,0
2021/9/22 9:33,0,0,0,0,0,0,0
2021/9/22 9:43,56.1,11.58,31.63,50,29.6,35.5,36
2021/9/22 9:48,56.1,11.55,31.63,50,30,35.3,36
2021/9/22 9:53,56.1,11.57,31.34,50,29.5,35.2,28
2021/9/22 9:58,56.1,11.57,30.91,50,28.8,34.8,28
2021/9/22 10:03,56.1,11.54,30.76,50,29.4,34.7,28
2021/9/22 10:08,56.1,11.51,30.62,50,29.3,34.8,40
2021/9/22 10:13,56.1,11.61,31.05,50,29.2,35.2,36
2021/9/22 10:18,56.1,11.52,31.63,50,29.5,35.4,36
2021/9/22 10:23,56.1,11.57,31.92,50,29.5,35.6,32
2021/9/22 10:28,56.1,11.77,32.64,50,29.8,35.8,36
2021/9/22 10:33,56.1,11.84,33.22,50,30.5,36.2,32
2021/9/22 10:38,56.1,11.85,33.8,50,30.8,36.6,36
2021/9/22 10:43,56.1,11.88,33.93,50,30.4,36.7,32
2021/9/22 10:48,56.1,11.87,33.8,50,30.4,36.5,28
2021/9/22 10:53,56.1,11.86,33.66,50,30.4,36.3,32
2021/9/22 10:58,56.1,11.86,33.5,50,30.2,36.2,28
2021/9/22 11:03,56,11.85,33.08,50,29.8,35.8,28
2021/9/22 11:08,56.1,11.87,32.64,50,30.1,35.5,28
2021/9/22 11:13,56.1,11.86,32.07,50,29.6,35.3,40
2021/9/22 11:18,56.1,11.83,31.92,50,28.8,35.3,28
2021/9/22 11:23,56,11.79,31.92,50,29.1,35.3,32
2021/9/22 11:28,56.1,11.79,32.07,50,29.2,35.2,28
2021/9/22 11:33,56,11.79,31.78,50,28.8,35,32
2021/9/22 11:38,56.1,11.79,31.49,50,29,34.8,40
2021/9/22 11:43,56,11.78,31.34,50,28.7,34.7,28
2021/9/22 11:48,56.1,11.75,31.02,50,28.8,34.7,32
2021/9/22 11:53,56,11.75,31.34,50,29,34.8,32
2021/9/22 11:58,56.1,11.78,31.2,50,29,34.8,32
2021/9/22 12:03,56,11.74,31.2,50,29,34.8,32
2021/9/22 12:08,56.1,11.77,31.34,50,28.8,35,32
2021/9/22 12:13,56,11.79,31.2,50,28.8,34.8,32
2021/9/22 12:18,56.1,11.83,31.2,50,29,35,32
2021/9/22 12:23,56.1,11.8,30.91,50,29,34.8,28
2021/9/22 12:28,56.1,11.82,31.2,50,29.2,34.8,28
2021/9/22 12:33,56,11.76,31.05,50,29.3,34.7,32
2021/9/22 12:38,56,11.79,31.2,50,29.4,34.7,28
2021/9/22 12:43,56.1,11.75,30.91,50,29.6,34.7,28
2021/9/22 12:48,56,11.83,30.91,50,29.8,34.7,28
2021/9/22 12:53,56.1,11.81,30.73,50,30,34.7,28
2021/9/22 12:58,56,11.81,30.91,50,30,34.8,28
2021/9/22 13:03,56.1,11.82,30.91,50,30,34.8,28
2021/9/22 13:08,56.1,11.79,31.05,50,30.2,34.8,24
2021/9/22 13:13,56.1,11.81,30.91,50,30.3,34.8,28
2021/9/22 13:18,56.1,11.81,30.91,50,30.5,34.8,24
2021/9/22 13:23,56.1,11.82,31.05,50,30.6,34.8,24
2021/9/22 13:28,56,11.82,31.2,50,30.4,35,24
2021/9/22 13:33,56.1,11.81,31.34,50,30.4,35,24
2021/9/22 13:38,56,11.82,31.34,50,30.4,35,32
2021/9/22 13:40,56.1,11.83,31.34,50,30.5,35,24
2021/9/22 13:58,56.1,11.54,30.91,50,31.2,35,28
2021/9/22 14:02,56.1,11.57,31.05,50,30.5,35,24
2021/9/22 14:13,56.1,11.57,30.91,50,30.7,35,24
2021/9/22 14:13,56.1,11.57,30.91,50,30.7,35,24
2021/9/22 14:14,56.1,11.56,30.91,50,30.7,35,24
2021/9/22 14:14,56.1,11.58,30.91,50,30.7,35,28
2021/9/22 14:14,56.1,11.6,30.91,50,30.7,35,28
2021/9/22 14:14,56,11.56,30.91,50,30.8,35,28
2021/9/22 14:14,56,11.56,30.91,50,30.8,35,28
2021/9/22 14:14,56.1,11.56,30.91,50,30.8,35,24
2021/9/22 14:15,56.1,11.53,30.91,50,30.8,35,24
2021/9/22 14:15,56.1,11.54,30.91,50,30.8,35,24
2021/9/22 14:15,56.1,11.54,31.05,50,30.7,35,24
2021/9/22 14:15,56.1,11.54,30.91,50,30.6,35,24
2021/9/22 14:15,56,11.55,30.91,50,30.6,35,24
2021/9/22 14:16,56.1,11.57,30.91,50,30.6,35,28
2021/9/22 14:16,56.1,11.57,30.91,50,30.7,35,28
2021/9/22 14:16,56.1,11.57,30.91,50,30.8,34.8,24
2021/9/22 14:16,56.1,11.59,30.91,50,30.8,35,24
2021/9/22 14:16,56.1,11.53,30.91,50,31,35,24
2021/9/22 14:16,56.1,11.57,30.91,50,31,35,24
2021/9/22 14:17,56.1,11.57,30.91,50,31,35,24
2021/9/22 14:17,56.1,11.58,30.91,50,30.8,34.8,24
2021/9/22 14:17,56.1,11.6,30.91,50,31,35,24
2021/9/22 14:17,56.1,11.56,30.91,50,31,35,24
2021/9/22 14:17,56.1,11.59,30.91,50,31,35,24
2021/9/22 14:17,56.1,11.59,30.91,50,30.8,35,24
2021/9/22 14:24,56.1,11.53,30.91,50,30.6,35,28
2021/9/22 14:24,56.1,11.56,30.91,50,30.6,35,24
2021/9/22 14:24,56.1,11.53,30.91,50,30.5,35,24
2021/9/22 14:24,56.1,11.58,30.91,50,30.5,35,24
2021/9/22 14:24,56.1,11.52,30.91,50,30.5,35,28
2021/9/22 14:25,56.1,11.56,30.91,50,30.6,35,28
2021/9/22 14:25,56.1,11.57,30.91,50,30.5,35,24
2021/9/22 14:25,56,11.56,30.91,50,30.6,35,24
2021/9/22 14:25,56.1,11.54,30.91,50,30.6,35,24
2021/9/22 14:31,56.1,11.58,31.05,50,31.4,35.1,28
2021/9/22 14:31,56,11.6,30.91,50,31.4,35,28
2021/9/22 14:31,56.1,11.58,31.05,50,31.3,35.1,28
2021/9/22 14:32,56,11.58,30.91,50,31.2,35.1,28
2021/9/22 14:32,56.1,11.56,30.91,50,31.1,35.1,28
2021/9/22 14:34,56.1,11.56,30.91,50,30.3,35.1,24
2021/9/22 14:34,56.1,11.55,30.91,50,30.3,35,24
2021/9/22 14:34,56.1,11.6,30.91,50,30.3,35.1,24
2021/9/22 14:34,56.1,11.55,30.91,50,30.4,35,28
2021/9/22 14:35,56.1,11.58,30.91,50,30.4,35.1,28
2021/9/22 14:35,56.1,11.52,30.91,50,30.5,35,28
2021/9/22 14:43,56.1,11.54,30.91,50,30.8,35,28
2021/9/22 14:43,56.1,11.57,30.91,50,30.8,35,28
2021/9/22 14:43,56.1,11.55,30.91,50,30.8,35,28
2021/9/22 14:43,56.1,11.57,31.05,50,30.8,35,28
2021/9/22 14:44,56.1,11.55,30.91,50,30.8,35,24
2021/9/22 14:44,56.1,11.58,30.91,50,30.8,35,24
2021/9/22 14:46,56,11.56,31.05,50,30.7,35,24
2021/9/22 14:47,56.1,11.57,30.91,50,30.7,35,24
2021/9/22 14:47,56.1,11.56,30.91,50,30.7,35,24
2021/9/22 14:47,56.1,11.58,30.91,50,30.7,35,24
2021/9/22 14:47,56.1,11.56,30.91,50,30.7,35,28
2021/9/22 14:48,56,11.53,30.91,50,30.7,35,28
2021/9/22 14:48,56.1,11.56,30.91,50,30.7,35,24
2021/9/22 14:48,56.1,11.58,30.91,50,30.7,35,24
2021/9/22 14:48,56.1,11.59,30.91,50,30.7,35,24
2021/9/22 14:48,56.1,11.59,30.91,50,30.7,35,24
2021/9/22 15:12,56.1,11.58,31.05,50,30.8,35,24
2021/9/22 15:12,56.1,11.56,31.05,50,30.8,35,24
2021/9/22 15:12,56.1,11.57,31.05,50,30.8,35,24
2021/9/22 15:12,56.1,11.54,31.05,50,30.8,35,24
2021/9/22 15:12,56.1,11.55,31.05,50,30.8,35,24
2021/9/22 15:13,56.1,11.56,31.05,50,30.8,35,24
2021/9/22 15:13,56.1,11.58,31.05,50,30.8,35,24
2021/9/22 15:13,56.1,11.54,31.05,50,30.8,35,24
2021/9/22 15:13,56,11.61,31.05,50,30.8,35,28
2021/9/22 15:14,56.1,11.58,31.05,50,30.8,35,24
2021/9/22 15:14,56.1,11.56,31.05,50,30.8,35,24
2021/9/22 15:14,56,11.57,31.05,50,30.8,35,24
2021/9/22 15:14,56.1,11.57,30.73,50,30.8,35,24
2021/9/22 15:14,56.1,11.56,30.73,50,30.8,35,24
2021/9/22 15:15,56.1,11.54,30.73,50,30.8,35,24
2021/9/22 15:15,56.1,11.55,31.05,50,30.8,35,24
2021/9/22 15:15,56.1,11.55,30.91,50,30.8,35,24
2021/9/22 15:23,56,11.52,31.05,50,30.7,35,24
2021/9/22 15:23,56.1,11.57,30.91,50,30.7,35,24
2021/9/22 15:24,56.1,11.56,30.91,50,30.7,35,24
2021/9/22 15:24,56.1,11.55,30.91,50,30.7,35,28
2021/9/22 15:24,56.1,11.52,31.05,50,30.7,35,28
2021/9/22 15:24,56,11.55,30.91,50,30.8,35,24
2021/9/22 15:24,56.1,11.54,30.91,50,30.8,35,24
2021/9/22 15:34,56.1,11.53,31.05,50,31.2,35,24
2021/9/22 15:34,56.1,11.54,31.05,50,31.2,34.8,24
2021/9/22 15:35,56,11.55,31.05,50,31.3,35,24
2021/9/22 15:35,56.1,11.52,31.05,50,31.3,35,24
2021/9/22 15:35,56,11.55,31.05,50,31.3,34.8,24
2021/9/22 15:35,56.1,11.54,31.05,50,31.3,34.8,24
2021/9/22 15:36,56.1,11.53,31.05,50,31.3,34.8,24
2021/9/22 15:36,56.1,11.52,31.05,50,31.3,35,24
2021/9/22 15:36,56.1,11.54,31.05,50,31.3,34.8,24
2021/9/22 15:36,56.1,11.55,31.05,50,31.4,34.8,24
2021/9/22 15:36,56.1,11.53,31.05,50,31.4,35,24
2021/9/22 15:37,56.1,11.53,31.05,50,31.4,34.8,24
2021/9/22 15:37,56.1,11.52,31.05,50,31.4,35,24
2021/9/22 15:41,56.1,11.54,31.05,50,31.1,35,24
2021/9/22 15:42,56.1,11.57,31.05,50,31,35,24
2021/9/22 15:42,56,11.54,31.05,50,31.1,35,24
2021/9/22 15:42,56.1,11.55,31.05,50,31,35,24
2021/9/22 15:42,56.1,11.58,31.05,50,31,35,24
2021/9/22 15:43,56.1,11.51,31.05,50,31.1,35,24
2021/9/22 15:43,56.1,11.51,31.05,50,31.1,35,24
2021/9/22 15:43,56.1,11.55,31.05,50,31.1,34.8,24
2021/9/22 15:43,56.1,11.54,31.05,50,31,35,24
2021/9/22 15:47,56,11.51,31.05,50,31.3,34.8,24
2021/9/22 15:47,56.1,11.54,31.05,50,31.3,34.8,24
2021/9/22 15:50,56.1,11.54,31.05,50,31.4,34.8,24
2021/9/22 15:50,56.1,11.53,31.05,50,31.4,34.8,24
2021/9/22 15:51,56.1,11.54,31.05,50,31.4,34.8,24
2021/9/22 15:55,56.1,11.56,31.2,50,31.4,35,24
2021/9/22 16:06,56.1,11.53,31.2,50,31.3,34.8,24
2021/9/22 16:10,56.1,11.54,31.2,50,31.3,35,24
2021/9/22 16:10,56,11.54,31.2,50,31.3,35,24
2021/9/22 16:10,56.1,11.55,31.2,50,31.3,35,24
2021/9/22 16:20,56.1,11.56,31.2,50,31.1,35,24
2021/9/22 16:20,56.1,11.53,31.2,50,31,35,24
2021/9/22 16:21,56.1,11.56,31.2,50,31,35,24
2021/9/22 16:21,56.1,11.58,31.2,50,30.8,35,24
2021/9/22 16:21,56,11.57,31.2,50,30.8,35,24
2021/9/22 16:21,56.1,11.57,31.2,50,30.7,35,24
2021/9/22 16:22,56.1,11.53,31.2,50,30.7,35,24
2021/9/22 16:22,56.1,11.59,31.05,50,30.8,35,24
2021/9/22 16:22,56.1,11.55,31.05,50,30.8,35,24
2021/9/22 16:22,56.1,11.58,31.05,50,31,35,24
2021/9/22 16:22,56.1,11.55,31.05,50,31,35,24
2021/9/22 16:23,56.1,11.55,31.05,50,31,35,24
2021/9/22 16:23,56.1,11.55,31.05,50,31.1,35,24
2021/9/22 16:23,56,11.57,31.05,50,31.1,35,24
2021/9/22 16:23,56.1,11.54,31.05,50,31.1,35,24
2021/9/22 16:24,56.1,11.58,31.05,50,31.1,35,24
2021/9/22 16:24,56.1,11.56,31.05,50,31.1,35,24
2021/9/22 16:24,56.1,11.55,31.05,50,31.1,35,24
2021/9/22 16:24,56.1,11.52,31.05,50,31.2,35,24
2021/9/22 16:24,56.1,11.58,31.05,50,31.2,35,24
2021/9/22 16:25,56,11.56,31.05,50,31.2,35,24
2021/9/22 16:25,56.1,11.56,31.05,50,31.2,35,24
2021/9/22 16:25,56.1,11.53,31.05,50,31.2,35,24
2021/9/22 16:25,56.1,11.53,31.05,50,31.2,35,24
2021/9/22 16:26,56.1,11.56,31.05,50,31.2,35,24
2021/9/22 16:26,56.1,11.56,31.05,50,31.2,35,24
2021/9/22 16:26,56.1,11.55,31.05,50,31.2,35,24
2021/9/22 16:26,56.1,11.53,31.05,50,31.2,35,24
2021/9/22 16:26,56.1,11.55,31.05,50,31.2,34.8,24
2021/9/22 16:27,56,11.5,31.05,50,31.2,35,24
2021/9/22 16:27,56.1,11.55,31.2,50,31.2,35,24
2021/9/22 16:27,56.1,11.55,31.2,50,31.3,35,24
2021/9/22 16:27,56.1,11.55,31.2,50,31.2,35,24
2021/9/22 16:28,56.1,11.54,31.2,50,31.2,35,24
2021/9/22 16:28,56.1,11.53,31.2,50,31.2,35,24
2021/9/22 16:28,56.1,11.54,31.2,50,31.3,35,24
2021/9/22 16:29,56.1,11.54,31.2,50,31.2,35,24
2021/9/22 16:34,56.1,11.55,31.2,50,31.2,35,24
2021/9/22 16:39,56.1,11.55,31.2,50,31.3,34.8,24
2021/9/22 16:44,56,11.55,31.2,50,31.4,34.8,24
2021/9/22 16:49,56.1,11.54,31.2,50,31.4,35,24
2021/9/22 16:55,56.1,11.52,31.2,50,31.4,35,24
2021/9/22 17:00,56.1,11.57,31.34,50,31.4,35,24
2021/9/22 17:05,56.1,11.57,31.34,50,31.4,35,24
2021/9/22 17:10,56.1,11.56,31.2,50,31.4,35,24
2021/9/22 17:15,56.1,11.56,31.34,50,31.4,35,24
2021/9/22 17:20,56.1,11.54,31.2,50,31.4,35,24
2021/9/22 17:25,56.1,11.56,31.05,50,31.4,34.8,24
2021/9/22 17:30,56.1,11.55,31.34,50,31.6,35,24
2021/9/22 17:35,56.1,11.53,31.34,50,31.5,35,24
2021/9/22 17:40,56.1,11.54,31.2,50,31.5,35,24
2021/9/22 17:45,56,11.55,31.2,50,31.5,35,24
2021/9/22 17:50,56,11.55,31.2,50,31.5,35,24
2021/9/22 17:55,56.1,11.55,31.2,50,31.6,34.8,24
2021/9/22 18:00,56.1,11.51,31.34,50,31.6,35,24
2021/9/22 18:05,56.1,11.55,31.2,50,31.6,35,24
2021/9/22 18:10,56,11.53,31.2,50,31.6,35,24
2021/9/22 18:15,56,11.56,31.34,50,31.6,35,24
2021/9/22 18:20,56.1,11.55,31.34,50,31.8,34.8,24
2021/9/22 18:25,56.1,11.54,31.2,50,31.6,34.8,24
2021/9/22 18:31,56.1,11.57,31.49,50,32.2,34.8,24
2021/9/22 18:36,56.1,11.54,31.49,50,31.8,35,24
2021/9/22 18:41,56.1,11.56,31.49,50,32,35,24
2021/9/22 18:46,56.1,11.54,31.49,50,31.8,35.1,24
2021/9/22 18:51,56.1,11.51,31.49,50,31.8,35,24
2021/9/22 18:56,56,11.53,31.63,50,32,35,24
2021/9/22 19:01,56,11.54,31.63,50,31.7,35,24
2021/9/22 19:06,56,11.53,31.63,50,31.8,35,24
2021/9/22 19:11,56.1,11.53,31.49,50,31.8,35,24
2021/9/22 19:16,56.1,11.53,31.49,50,31.8,35,24
2021/9/22 19:21,56,11.55,31.63,50,31.7,35.1,24
2021/9/22 19:26,56.1,11.54,31.34,50,31.7,34.8,24
2021/9/22 19:31,56,11.55,31.49,50,31.8,35,24
2021/9/22 19:36,56.1,11.54,31.63,50,31.7,35,24
2021/9/22 19:41,56.1,11.54,31.63,50,32,35,24
2021/9/22 19:46,56.1,11.52,31.63,50,31.6,35.1,0
2021/9/22 19:51,56.1,11.54,31.63,50,32,35.1,24
2021/9/22 19:56,56.1,11.55,31.49,50,31.6,35.1,24
2021/9/22 20:02,56.1,11.54,31.63,50,31.8,35,24
2021/9/22 20:07,56,11.51,31.63,50,31.6,35,24
2021/9/22 20:12,56,11.54,31.63,50,32.1,35,24
2021/9/22 20:17,56.1,11.52,31.63,50,31.8,35,0
2021/9/22 20:22,56.1,11.55,31.63,50,31.2,35,24
2021/9/22 20:27,56.1,11.53,31.34,50,31.7,34.7,24
2021/9/22 20:32,56.1,11.55,31.49,50,32.1,35,0
2021/9/22 20:37,56.1,11.54,31.63,50,32.1,35,24
2021/9/22 20:42,56,11.53,31.63,50,31.8,35,24
2021/9/22 20:47,56.1,11.53,31.63,50,31.6,35,24
2021/9/22 20:52,56.1,11.51,31.63,50,31.8,35.1,24
2021/9/22 20:57,56.1,11.54,31.63,50,32.3,35,0
2021/9/22 21:02,56,11.56,31.63,50,31.4,35,0
2021/9/22 21:07,56.1,11.54,31.49,50,32.2,35,24
2021/9/22 21:12,56.1,11.51,31.49,50,31.7,35,24
2021/9/22 21:17,56.1,11.54,31.49,50,32.1,35,24
2021/9/22 21:22,56.1,11.52,31.49,50,31.8,35,24
2021/9/22 21:27,56.1,11.56,31.34,50,31.5,34.8,24
2021/9/22 21:33,56.1,11.54,31.49,50,32,35,24
2021/9/22 21:38,56.1,11.55,31.63,50,32,35,12
2021/9/22 21:43,56,11.53,31.63,50,32,35.1,24
2021/9/22 21:48,56.1,11.53,31.63,50,32.1,35,24
2021/9/22 21:53,56.1,11.53,31.63,50,31.8,35.1,24
2021/9/22 21:58,56.1,11.56,31.63,50,32,35.1,24
2021/9/22 22:03,56.1,11.54,31.63,50,31.7,35,0
2021/9/22 22:08,56.1,11.52,31.49,50,31.5,35,0
2021/9/22 22:13,56.1,11.54,31.49,50,31.7,35,24
2021/9/22 22:18,56.1,11.53,31.49,50,31.5,35,24
2021/9/22 22:23,56.1,11.54,31.34,50,32,35,24
2021/9/22 22:28,56.1,11.53,31.2,50,31.3,34.8,24
2021/9/22 22:33,56.1,11.52,31.49,50,32.1,35,0
2021/9/22 22:38,56.1,11.54,31.63,50,32.1,35,24
2021/9/22 22:43,56,11.56,31.63,50,32,35.1,24
2021/9/22 22:48,56.1,11.54,31.49,50,31.5,35,20
2021/9/22 22:53,56.1,11.54,31.49,50,32.2,35,0
2021/9/22 22:58,56.1,11.49,31.63,50,32,35,24
2021/9/22 23:04,56.1,11.49,31.63,50,31.8,35.1,0
2021/9/22 23:09,56.1,11.52,31.63,50,32,35.1,24
2021/9/22 23:14,56.1,11.52,31.49,50,31.8,35,24
2021/9/22 23:19,56,11.53,31.63,50,31.8,35,0
2021/9/22 23:24,56.1,11.54,31.63,50,31.7,35,24
2021/9/22 23:29,56.1,11.51,31.49,50,31.5,34.8,24
2021/9/22 23:34,56,11.54,31.49,50,32.3,35,0
2021/9/22 23:39,56.1,11.55,31.63,50,32.2,35,24
2021/9/22 23:44,56.1,11.53,31.63,50,31.6,35.1,0
2021/9/22 23:49,56,11.54,31.63,50,32,35,0
2021/9/22 23:54,56.1,11.54,31.63,50,32.1,35,24
2021/9/22 23:59,56.1,11.52,31.63,50,32,35,0
2021/9/23 0:04,56.1,11.52,31.63,50,31.7,35.1,24
2021/9/23 0:09,56.1,11.49,31.63,50,31.7,35,0
2021/9/23 0:14,56.1,11.5,31.63,50,32.2,35,24
2021/9/23 0:19,56.1,11.5,31.63,50,32.2,35,24
2021/9/23 0:24,56.1,11.54,31.78,50,31.8,35,0
2021/9/23 0:29,56.1,11.52,31.49,50,31.3,34.8,24
2021/9/23 0:35,56.1,11.52,31.63,50,32.2,35,24
2021/9/23 0:40,56,11.5,31.63,50,32.1,35,24
2021/9/23 0:45,56.1,11.53,31.63,50,32.2,35,24
2021/9/23 0:50,56.1,11.5,31.63,50,32.3,35.1,24
2021/9/23 0:55,56,11.49,31.63,50,31.8,35,24
2021/9/23 1:00,56.1,11.51,31.63,50,32,35,24
2021/9/23 1:05,56.1,11.56,31.46,50,31.8,35,24
2021/9/23 1:10,56.1,11.56,31.49,50,31.7,35,0
2021/9/23 1:15,56,11.54,31.63,50,32.1,35,24
2021/9/23 1:20,56.1,11.53,31.63,50,31.7,35,24
2021/9/23 1:25,56,11.55,31.49,50,32.4,35,24
2021/9/23 1:30,56,11.51,31.2,50,31.4,34.7,24
2021/9/23 1:35,56,11.51,31.34,50,32.6,34.7,24
2021/9/23 1:40,56.1,11.49,31.49,50,32.7,35,24
2021/9/23 1:45,56.1,11.52,31.63,50,32.4,34.8,0
2021/9/23 1:50,56.1,11.57,31.63,50,32.3,35,24
2021/9/23 1:55,56.1,11.51,31.78,50,32.9,35,0
2021/9/23 2:00,56.1,11.56,31.78,50,32.4,35,0
2021/9/23 2:06,56,11.52,31.6,50,32.5,35,24
2021/9/23 2:11,56,11.55,31.63,50,32.5,34.8,0
2021/9/23 2:16,56.1,11.53,31.63,50,32.4,35,0
2021/9/23 2:21,56.1,11.54,31.63,50,32.8,35,24
2021/9/23 2:26,56.1,11.53,31.78,50,32.5,35,0
2021/9/23 2:31,56,11.54,31.49,50,31.5,34.7,24
2021/9/23 2:36,56.1,11.54,31.63,50,32.9,34.8,0
2021/9/23 2:41,56.1,11.55,31.78,50,32.7,35,24
2021/9/23 2:46,56,11.53,31.92,50,32.4,35.1,0
2021/9/23 4:47,0,0,0,0,0,0,0
2021/9/23 4:52,0,0,0,0,0,0,0
2021/9/23 4:57,0,0,0,0,0,0,0
2021/9/23 5:02,0,0,0,0,0,0,0
2021/9/23 5:07,0,0,0,0,0,0,0
2021/9/23 5:13,0,0,0,0,0,0,0
2021/9/23 5:18,0,0,0,0,0,0,0
2021/9/23 5:23,0,0,0,0,0,0,0
2021/9/23 5:28,0,0,0,0,0,0,0
2021/9/23 5:33,0,0,0,0,0,0,0
2021/9/23 5:38,0,0,0,0,0,0,0
2021/9/23 5:43,0,0,0,0,0,0,0
2021/9/23 5:48,0,0,0,0,0,0,0
2021/9/23 5:53,0,0,0,0,0,0,0
2021/9/23 5:58,0,0,0,0,0,0,0
2021/9/23 6:03,0,0,0,0,0,0,0
2021/9/23 6:08,0,0,0,0,0,0,0
2021/9/23 6:13,0,0,0,0,0,0,0
2021/9/23 6:18,0,0,0,0,0,0,0
2021/9/23 6:23,0,0,0,0,0,0,0
2021/9/23 6:28,0,0,0,0,0,0,0
2021/9/23 6:33,0,0,0,0,0,0,0
2021/9/23 6:38,0,0,0,0,0,0,0
2021/9/23 6:44,0,0,0,0,0,0,0
2021/9/23 6:49,0,0,0,0,0,0,0
2021/9/23 6:54,0,0,0,0,0,0,0
2021/9/23 6:59,0,0,0,0,0,0,0
2021/9/23 7:04,0,0,0,0,0,0,0
2021/9/23 7:09,0,0,0,0,0,0,0
2021/9/23 7:14,0,0,0,0,0,0,0
2021/9/23 7:19,0,0,0,0,0,0,0
2021/9/23 7:24,0,0,0,0,0,0,0
2021/9/23 7:29,0,0,0,0,0,0,0
2021/9/23 7:34,0,0,0,0,0,0,0
2021/9/23 7:39,0,0,0,0,0,0,0
2021/9/23 7:44,0,0,0,0,0,0,0
2021/9/23 7:49,0,0,0,0,0,0,0
2021/9/23 7:54,0,0,0,0,0,0,0
2021/9/23 7:59,0,0,0,0,0,0,0
2021/9/23 8:04,0,0,0,0,0,0,0
2021/9/23 8:09,0,0,0,0,0,0,0
2021/9/23 8:14,0,0,0,0,0,0,0
2021/9/23 8:20,0,0,0,0,0,0,0
2021/9/23 8:25,0,0,0,0,0,0,0
2021/9/23 8:30,0,0,0,0,0,0,0
2021/9/23 8:35,0,0,0,0,0,0,0
2021/9/23 8:40,0,0,0,0,0,0,0
2021/9/23 8:45,0,0,0,0,0,0,0
2021/9/23 8:50,0,0,0,0,0,0,0
2021/9/23 8:55,0,0,0,0,0,0,0
2021/9/23 9:00,0,0,0,0,0,0,0
2021/9/23 9:05,0,0,0,0,0,0,0
2021/9/23 9:10,0,0,0,0,0,0,0
2021/9/23 9:15,0,0,0,0,0,0,0
2021/9/23 9:20,0,0,0,0,0,0,0
2021/9/23 9:25,0,0,0,0,0,0,0
2021/9/23 9:30,0,0,0,0,0,0,0
2021/9/23 9:35,0,0,0,0,0,0,0
2021/9/23 9:40,0,0,0,0,0,0,0
2021/9/23 9:45,0,0,0,0,0,0,0
2021/9/23 9:51,0,0,0,0,0,0,0
2021/9/23 9:56,0,0,0,0,0,0,0
2021/9/23 10:11,56.1,11.52,30.91,50,32,34.4,24
2021/9/23 10:16,56.1,11.53,31.2,50,32.6,34.6,24
2021/9/23 10:21,56.1,11.5,31.49,50,32.3,34.7,24
2021/9/23 10:26,56.1,11.5,31.49,50,32.5,34.7,24
2021/9/23 10:31,56.1,11.51,31.78,50,32.7,34.8,24
2021/9/23 10:36,56.1,11.5,31.78,50,32.8,35,0
2021/9/23 10:41,56.1,11.52,31.78,50,32.4,35,0
2021/9/23 15:43,56.1,11.52,31.49,50,31.8,35,24
2021/9/23 15:43,56.1,11.52,31.49,50,32,34.8,24
2021/9/23 15:44,56,11.5,31.49,50,32,35,24
2021/9/23 15:44,56.1,11.53,31.49,50,32,34.8,24
2021/9/23 15:44,56.1,11.54,31.49,50,32,34.8,24
2021/9/23 15:44,56.1,11.54,31.49,50,32,35,24
2021/9/23 15:44,56.1,11.54,31.49,50,32,34.8,24
2021/9/23 15:44,56.1,11.57,31.49,50,32,35,24
2021/9/23 15:45,56,11.5,31.49,50,32,34.8,24
2021/9/23 15:45,56,11.5,31.49,50,32,34.8,24
2021/9/23 15:45,56.1,11.53,31.49,50,32.1,35,24
2021/9/23 15:45,56.1,11.57,31.49,50,32,35,24
2021/9/23 15:45,56.1,11.54,31.49,50,32,34.8,24
2021/9/23 15:45,56.1,11.54,31.49,50,32,35,24
2021/9/23 15:46,56.1,11.51,31.49,50,32,35,24
2021/9/23 15:51,56.1,11.53,31.63,50,32,35,24
2021/9/23 15:56,56.1,11.53,31.63,50,32,35,24
2021/9/23 16:01,56.1,11.55,31.63,50,32,35,24
2021/9/23 16:06,56,11.51,31.63,50,32,35,24
2021/9/23 16:11,56,11.54,31.49,50,31.5,35,24
2021/9/23 16:16,56.1,11.52,31.63,50,32.2,35,24
2021/9/23 16:21,56.1,11.53,31.63,50,31.8,35,24
2021/9/23 16:26,56.1,11.51,31.63,50,31.6,35.1,24
2021/9/23 16:31,56.1,11.5,31.49,50,31.8,35,24
2021/9/23 16:36,56.1,11.52,31.63,50,31.7,35,24
2021/9/23 16:41,56,11.55,31.78,50,31.8,35,24
2021/9/23 16:46,56.1,11.54,31.63,50,31.8,35,24
2021/9/23 16:51,56.1,11.57,31.63,50,31.8,35.1,24
2021/9/23 16:56,56,11.56,31.63,50,31.7,35,24
2021/9/23 17:01,56.1,11.52,31.49,50,31.8,35,24
2021/9/23 17:06,56,11.55,31.49,50,32,35,24
2021/9/23 17:11,56.1,11.52,31.34,50,31.2,34.8,24
2021/9/23 17:16,56.1,11.5,31.49,50,32.2,34.8,24
2021/9/23 17:21,56.1,11.54,31.63,50,32,35,24
2021/9/23 17:26,56.1,11.53,31.63,50,32,35,24
2021/9/23 17:31,56.1,11.57,31.63,50,31.8,35,24
2021/9/23 17:36,56,11.53,31.63,50,31.8,35,0
2021/9/23 17:41,56.1,11.54,31.63,50,32,35.1,24
2021/9/23 17:46,56.1,11.53,31.63,50,32.1,35,24
2021/9/23 17:51,56.1,11.54,31.63,50,31.8,35,24
2021/9/23 17:56,56.1,11.54,31.63,50,32.1,35,24
2021/9/23 18:01,56.1,11.54,31.78,50,32.2,35,24
2021/9/23 18:06,56.1,11.55,31.49,50,31.8,34.8,24
2021/9/23 18:11,56.1,11.57,31.49,50,31.3,34.8,24
2021/9/23 18:16,56.1,11.53,31.34,50,32.6,34.7,0
2021/9/23 18:21,56,11.55,31.63,50,32.9,34.8,0
2021/9/23 18:26,56.1,11.53,31.63,50,32.6,35,0
2021/9/23 18:31,56.1,11.53,31.78,50,32.6,35,0
2021/9/23 18:36,56.1,11.5,31.63,50,32.8,35,0
2021/9/23 18:41,56.1,11.51,31.78,50,32.6,35,0
2021/9/23 18:46,56.1,11.53,31.78,50,32.6,35,0
2021/9/23 18:51,56.1,11.54,31.78,50,32.6,35,0
2021/9/23 18:56,56.1,11.5,31.92,50,32.6,35,24
2021/9/23 19:01,56.1,11.51,31.92,50,32.5,35,24
2021/9/23 19:06,56.1,11.49,31.92,50,32.6,35.1,24
2021/9/23 19:11,56.1,11.56,31.78,50,31.6,35,24
2021/9/23 19:16,56.1,11.55,31.78,50,32.9,34.8,24
2021/9/23 19:21,56.1,11.51,31.92,50,32.7,35,24
2021/9/23 19:26,56,11.55,31.92,50,32.6,35,0
2021/9/23 19:31,56.1,11.53,32.07,50,32.7,35.1,0
2021/9/23 19:36,56,11.53,32.07,50,32.7,35.1,24
2021/9/23 19:41,56.1,11.55,31.92,50,32.2,35.1,0
2021/9/23 19:46,56,11.53,31.78,50,32.4,35,0
2021/9/23 19:51,56.1,11.52,31.78,50,32.4,35.1,24
2021/9/23 19:56,56.1,11.51,31.6,50,32.3,35,0
2021/9/23 20:01,56.1,11.54,31.78,50,32.2,35,0
2021/9/23 20:06,56.1,11.54,31.6,50,32.4,35,24
2021/9/23 20:11,56,11.57,31.78,50,31.7,35,24
2021/9/23 20:16,56,11.55,31.63,50,32.4,34.8,0
2021/9/23 20:21,56,11.53,31.78,50,32.4,35,0
2021/9/23 20:26,56.1,11.54,31.78,50,32.5,35,0
2021/9/23 20:31,56.1,11.54,31.74,50,32.3,35.1,24
2021/9/23 20:36,56.1,11.52,31.78,50,32.3,35,24
2021/9/23 20:41,56,11.53,31.78,50,32.3,35,0
2021/9/23 20:46,56.1,11.53,31.78,50,32.3,35,0
2021/9/23 20:51,56.1,11.56,31.92,50,32.5,35,24
2021/9/23 20:56,56.1,11.53,31.92,50,32.4,35,24
2021/9/23 21:01,56.1,11.53,31.78,50,32.4,35.1,24
2021/9/23 21:06,56,11.54,31.78,50,32.5,35,24
2021/9/23 21:11,56.1,11.5,31.78,50,32.2,35,24
2021/9/23 21:16,56,11.52,31.63,50,32.2,34.8,0
2021/9/23 21:21,56.1,11.52,31.63,50,32.3,35,4
2021/9/23 21:26,56.1,11.52,31.78,50,32.4,35,24
2021/9/23 21:31,56,11.53,31.78,50,32.5,35,24
2021/9/23 21:36,56,11.58,31.78,50,32.4,35.1,0
2021/9/23 21:41,56.1,11.55,31.78,50,32.4,35,0
2021/9/23 21:46,56,11.53,31.78,50,32.4,35,24
2021/9/23 21:51,56.1,11.52,31.78,50,32.4,35.1,24
2021/9/23 21:56,56.1,11.55,31.78,50,32.6,35.1,24
2021/9/23 22:01,56.1,11.52,31.78,50,32.3,35,0
2021/9/23 22:06,56,11.52,31.78,50,32.4,35,0
2021/9/23 22:11,56.1,11.53,31.78,50,32.2,35,0
2021/9/23 22:16,56,11.51,31.63,50,32.2,34.8,0
2021/9/23 22:21,56.1,11.5,31.63,50,32.8,34.8,0
2021/9/23 22:26,56.1,11.53,31.92,50,32.6,35.1,24
2021/9/23 22:31,56.1,11.52,31.92,50,32.5,35.1,24
2021/9/23 22:36,56,11.52,31.78,50,32.3,35.1,0
2021/9/23 22:41,56.1,11.54,31.78,50,32.5,35.1,24
2021/9/23 22:46,56.1,11.54,31.78,50,32.3,35,24
2021/9/23 22:51,56.1,11.51,31.78,50,32.3,35,24
2021/9/23 22:56,56,11.5,31.78,50,32.4,35,24
2021/9/23 23:01,56,11.52,31.78,50,32.3,35,0
2021/9/23 23:06,56.1,11.54,31.78,50,32.2,35,0
2021/9/23 23:11,56.1,11.54,31.78,50,32.3,35,0
2021/9/23 23:16,56.1,11.53,31.49,50,31.8,34.7,0
2021/9/23 23:21,56.1,11.51,31.78,50,32.8,35,0
2021/9/23 23:26,56.1,11.54,31.92,50,32.4,35,24
2021/9/23 23:31,56.1,11.51,31.92,50,32.4,35,0
2021/9/23 23:36,56.1,11.52,31.92,50,32.4,35.1,24
2021/9/23 23:41,56,11.53,31.92,50,32.5,35.1,24
2021/9/23 23:46,56.1,11.52,31.92,50,32.5,35.1,24
2021/9/23 23:51,56.1,11.52,31.92,50,32.5,35.1,24
2021/9/23 23:56,56.1,11.52,31.92,50,32.4,35.1,24
2021/10/1 0:01,56.1,11.52,31.78,50,32.2,35,0
2021/10/1 0:06,56.1,11.53,31.78,50,32.3,35,24
2021/10/1 0:11,56.1,11.51,31.63,50,32.3,35,24
2021/10/1 0:16,56.1,11.5,31.49,50,31.6,34.7,24
2021/10/1 0:21,56.1,11.52,31.63,50,32.7,34.8,24
2021/10/1 0:26,56.1,11.52,31.78,50,32.5,35,24
2021/10/1 0:31,56.1,11.52,31.92,50,32.3,35.1,24
2021/10/1 0:36,56.1,11.51,31.92,50,32.4,35.1,24
2021/10/1 0:41,56.1,11.53,31.92,50,32.4,35.1,24
2021/10/1 0:46,56.1,11.5,31.78,50,32.3,35,24
2021/10/1 0:51,56.1,11.5,31.78,50,32.3,35,24
2021/10/1 0:56,56.1,11.49,31.78,50,32.2,35,24
2021/10/1 1:01,56.1,11.51,31.78,50,32.4,35,24
2021/10/1 1:06,56,11.47,31.78,50,32.4,35.1,0
2021/10/1 1:11,56.1,11.52,31.78,50,32.3,35,0
2021/10/1 1:16,56.1,11.5,31.63,50,31.4,35,24
2021/10/1 1:21,56,11.5,31.63,50,32.6,34.8,0
2021/10/1 1:26,56.1,11.53,31.92,50,32.6,35,0
2021/10/1 1:31,56.1,11.5,32.07,50,32.4,35.1,0
2021/10/1 1:36,56.1,11.49,31.92,50,32.4,35.1,0
2021/10/1 1:41,56.1,11.51,31.92,50,32.3,35.1,0
2021/10/1 1:46,56,11.53,31.78,50,32.1,35.1,0
2021/10/1 1:51,56,11.48,31.78,50,32.1,35,24
2021/10/1 1:56,56,11.52,31.78,50,32.3,35,24
2021/10/1 2:01,56.1,11.52,31.78,50,32.1,35,0
2021/10/1 2:06,56.1,11.49,31.78,50,32.2,35,24
2021/10/1 2:11,56.1,11.51,31.78,50,32.5,35,24
2021/10/1 2:16,56.1,11.52,31.63,50,31.4,35,24
2021/10/1 2:21,56.1,11.47,31.63,50,32.7,35,24
2021/10/1 2:26,56,11.5,31.78,50,32.6,35,0
2021/10/1 2:31,56.1,11.49,31.92,50,32.5,35,24
2021/10/1 2:36,56,11.51,31.92,50,32.6,35.1,24
2021/10/1 2:41,56,11.49,31.92,50,32.5,35.1,24
2021/10/1 2:46,56.1,11.52,31.92,50,32.3,35.1,24
2021/10/1 2:51,56.1,11.5,31.92,50,32.3,35,20
2021/10/1 2:56,56,11.53,31.78,50,32.4,34.8,24
2021/10/1 3:01,56.1,11.48,31.92,50,32.4,35,24
2021/10/1 3:06,56.1,11.48,31.92,50,32.4,35,24
2021/10/1 3:11,56.1,11.52,31.74,50,32.4,35,0
2021/10/1 3:16,56.1,11.54,31.78,50,31.4,35,24
2021/10/1 3:21,56.1,11.51,31.63,50,32.5,34.8,0
2021/10/1 3:26,56.1,11.49,31.78,50,32.4,35,0
2021/10/1 3:31,56.1,11.51,31.92,50,32.4,35.1,24
2021/10/1 3:36,56.1,11.5,31.78,50,32.3,35,0
2021/10/1 3:41,56.1,11.49,31.78,50,32.5,35,24
2021/10/1 3:46,56.1,11.53,31.92,50,32.3,35,24
2021/10/1 3:51,56.1,11.53,31.92,50,32.5,35.1,24
2021/10/1 3:56,56.1,11.52,31.78,50,32.4,35,24
2021/10/1 4:01,56.1,11.52,31.78,50,32.4,35,24
2021/10/1 4:06,56.1,11.52,31.78,50,32.5,35.1,24
2021/10/1 4:11,56.1,11.5,31.78,50,32.2,35,24
2021/10/1 4:16,56.1,11.51,31.78,50,31.6,35,24
2021/10/1 4:21,56.1,11.49,31.63,50,32.4,34.8,0
2021/10/1 4:26,56,11.5,31.78,50,32.8,35,24
2021/10/1 4:31,56.1,11.5,31.92,50,32.4,35.1,24
2021/10/1 4:36,56,11.5,31.78,50,32.2,35,24
2021/10/1 4:41,56.1,11.51,31.78,50,32,35,24
2021/10/1 4:46,56.1,11.48,31.78,50,32.4,35,0
2021/10/1 4:51,56.1,11.47,31.78,50,32.5,35.1,24
2021/10/1 4:56,56.1,11.53,31.92,50,32.3,35.1,8
2021/10/1 5:01,56.1,11.49,31.92,50,32.5,35,24
2021/10/1 5:06,56.1,11.52,31.92,50,32.3,35.1,24
2021/10/1 5:11,56.1,11.52,31.78,50,32.6,35,24
2021/10/1 5:16,56.1,11.49,31.78,50,32.1,35,24
2021/10/1 5:21,56.1,11.5,31.63,50,32.5,34.7,24
2021/10/1 5:26,56.1,11.51,31.78,50,32.8,35,24
2021/10/1 5:31,56.1,11.5,31.92,50,32.4,35.1,0
2021/10/1 5:36,56.1,11.49,31.92,50,32.5,35.1,24
2021/10/1 5:41,56.1,11.52,31.92,50,32.5,35.1,24
2021/10/1 5:46,56,11.5,31.78,50,32.3,35,24
2021/10/1 5:51,56.1,11.51,31.78,50,32.5,35,0
2021/10/1 5:56,56.1,11.51,31.92,50,32.4,35,0
2021/10/1 6:01,56.1,11.5,31.92,50,32.2,35,24
2021/10/1 6:06,56.1,11.5,31.78,50,32.3,35,0
2021/10/1 6:11,56,11.5,31.78,50,32.3,35,0
2021/10/1 6:16,56,11.53,31.78,50,32.1,34.8,0
2021/10/1 6:21,56.1,11.51,31.63,50,32.4,34.7,0
2021/10/1 6:26,56.1,11.49,31.78,50,32.8,35,0
2021/10/1 6:31,56.1,11.52,32.07,50,32.7,35.1,0
2021/10/1 6:36,56.1,11.52,32.07,50,32.7,35.2,24
2021/10/1 6:41,56.1,11.53,31.89,50,32.2,35.1,24
2021/10/1 6:46,56.1,11.48,31.92,50,32.2,35.1,0
2021/10/1 6:51,56.1,11.53,31.92,50,32.5,35,24
2021/10/1 6:56,56,11.49,31.92,50,32.6,35.1,24
2021/10/1 7:01,56.1,11.52,31.92,50,32.1,35,24
2021/10/1 7:06,56.1,11.53,31.92,50,32.3,35,24
2021/10/1 7:11,56.1,11.53,31.78,50,32.5,35,24
2021/10/1 7:16,56.1,11.54,31.92,50,32.2,35,24
2021/10/1 7:21,56.1,11.49,31.63,50,32.3,34.8,24
2021/10/1 7:26,56.1,11.53,31.92,50,32.3,35.1,24
2021/10/1 7:31,56.1,11.53,32.07,50,32.3,35.1,24
2021/10/1 7:36,56,11.54,32.07,50,32.3,35.2,24
2021/10/1 7:41,56.1,11.52,32.07,50,32.3,35.2,24
2021/10/1 7:46,56.1,11.52,32.21,50,32.4,35.3,24
2021/10/1 7:51,56.1,11.54,32.21,50,32,35.3,24
2021/10/1 7:56,56,11.54,32.07,50,31.7,35.2,24
2021/10/1 8:01,56.1,11.53,32.07,50,31.6,35.2,24
2021/10/1 8:06,56,11.56,31.92,50,31.5,35.2,28
2021/10/1 8:11,56.1,11.55,31.92,50,31.5,35.2,24
2021/10/1 8:16,56.1,11.57,31.78,50,31.4,35.2,24
2021/10/1 8:21,56.1,11.57,31.78,50,31.2,35.2,24
2021/10/1 8:26,56.1,11.55,31.63,50,31.1,35,24
2021/10/1 8:31,56.1,11.58,31.63,50,31.3,35.1,28
2021/10/1 8:36,56.1,11.53,31.78,50,31.2,35.1,24
2021/10/1 8:41,56.1,11.54,31.78,50,31.2,35.1,28
2021/10/1 8:46,56.1,11.53,31.78,50,31.2,35,28
2021/10/1 8:51,56.1,11.57,31.63,50,31.1,35.1,28
2021/10/1 8:56,56.1,11.55,31.63,50,31.2,35.2,28
2021/10/1 9:01,56.1,11.56,31.78,50,30.6,35.2,28
2021/10/1 9:06,56.1,11.56,31.63,50,30.8,35,32
2021/10/1 9:11,56.1,11.51,31.34,50,30.7,34.8,24
2021/10/1 9:16,56.1,11.56,31.34,50,30.8,35,24
2021/10/1 9:21,56.1,11.52,31.49,50,30.7,35,28
2021/10/1 9:26,56.1,11.58,31.31,50,30.5,35.1,24
2021/10/1 9:31,56.1,11.58,31.63,50,30.4,35.2,24
2021/10/1 9:36,56.1,11.57,31.49,50,29.9,35.1,24
2021/10/1 9:41,56.1,11.56,31.2,50,30.3,34.8,24
2021/10/1 9:46,56.1,11.58,31.34,50,30.6,34.8,24
2021/10/1 9:51,56.1,11.53,31.34,50,31,34.7,24
2021/10/1 9:56,56.1,12.32,31.34,50,31.1,34.8,24
2021/10/1 10:01,56.1,12.53,31.34,50,30.8,35,24
2021/10/1 10:06,56.1,12.62,31.49,50,31.1,35.1,24
2021/10/1 10:11,56.1,12.28,31.63,50,30.5,35.3,36
2021/10/1 10:16,56.1,11.65,31.78,50,30.3,35.5,32
2021/10/1 10:21,56.1,11.58,31.78,50,29.7,35.4,28
2021/10/1 10:26,56.1,12.4,31.78,50,29.4,35.4,28
2021/10/1 10:31,56.1,12.24,31.63,50,29.6,35.4,28
2021/10/1 10:36,56.1,12.51,31.63,50,30,35.4,28
2021/10/1 10:41,56.1,13.08,31.63,50,29.7,35.5,36
2021/10/1 10:46,56,12.81,31.63,50,29.2,35.4,32
2021/10/1 10:51,56,12.89,31.49,50,29.1,35.1,28
2021/10/1 10:56,56,12.72,31.05,50,28.8,34.8,36
2021/10/1 11:01,56.1,6.57,30.76,50,29.5,34.8,28
2021/10/1 11:06,56.1,13.28,30.76,50,29.5,34.7,36
2021/10/1 11:11,56.1,11.03,30.91,50,29.6,34.7,32
2021/10/1 11:16,56.1,10.93,30.91,50,29.9,34.7,28
2021/10/1 11:21,56.1,12.64,30.91,50,29.9,34.7,24
2021/10/1 11:26,56.1,10.54,30.91,50,30.4,34.7,24
2021/10/1 11:31,56,13.33,31.2,50,30.4,35,28
2021/10/1 11:36,56,12.53,31.17,50,30.1,35.1,28
2021/10/1 11:41,56,14.97,31.34,50,30.2,35.2,28
2021/10/1 11:46,56.1,13.97,31.2,50,29.7,35.1,24
2021/10/1 11:51,56,12.54,31.05,50,29.7,35.1,32
2021/10/1 11:56,56,12.69,31.2,50,29.8,35,28
2021/10/1 12:01,56,12.55,31.2,50,29.8,35,28
2021/10/1 12:06,56.1,12.63,31.05,50,29.6,35,28
2021/10/1 12:11,56,10.62,31.05,50,29.9,34.8,28
2021/10/1 12:16,56.1,11.96,31.2,50,29.9,35,32
2021/10/1 12:21,56.1,11.58,30.91,50,29.9,34.8,24
2021/10/1 12:26,56.1,11.87,31.05,50,30.3,34.8,28
2021/10/1 12:31,56,11.78,31.2,50,30.4,34.8,24
2021/10/1 12:36,56,12.76,31.49,50,30.3,35,32
2021/10/1 12:41,56,12.7,31.34,50,30.2,35,24
2021/10/1 12:46,56.1,10.61,31.2,50,30.4,34.8,28
2021/10/1 12:51,56,13.1,31.2,50,30.5,34.8,24
2021/10/1 12:56,56.1,12.6,31.05,50,30.7,34.8,24
2021/10/1 13:01,56.1,10.84,31.2,50,30.7,35,24
2021/10/1 13:06,56,12.18,31.2,50,30.5,35,24
2021/10/1 13:11,56,11.81,31.34,50,30.6,35,32
2021/10/1 13:16,56.1,10.6,31.2,50,30.6,35,24
2021/10/1 13:21,56,12.34,31.34,50,30.4,34.8,24
2021/10/1 13:26,56,12.66,31.2,50,30.7,35,24
2021/10/1 13:31,56,12.66,31.2,50,30.7,35,24
2021/10/1 13:36,56,11.67,31.2,50,30.7,35.1,24
2021/10/1 13:41,56,10.57,31.2,50,30.4,35,24
2021/10/1 13:46,56,12.6,31.05,50,30.8,34.8,24
2021/10/1 13:51,56,12.67,31.05,50,31,34.8,24
2021/10/1 13:56,56,11.42,31.2,50,31.1,35,24
2021/10/1 14:01,56,12.96,31.34,50,30.8,35.1,32
2021/10/1 14:06,56,13.28,31.34,50,30.8,35.1,32
2021/10/1 14:11,56,14.38,31.2,50,30.6,35.1,24
2021/10/1 14:16,56.1,9.26,31.05,50,30.5,35,24
2021/10/1 14:21,56,13.96,30.91,50,30.8,34.8,24
2021/10/1 14:26,56,12.68,31.05,50,31.1,34.8,24
2021/10/1 14:31,56,12.48,31.2,50,31.4,34.8,24
2021/10/1 14:36,56,12.99,31.2,50,31.2,35,24
2021/10/1 14:41,56,11.12,31.34,50,31.1,35,24
2021/10/1 14:46,56,12.25,31.34,50,30.8,35.1,28
2021/10/1 14:51,56,11.13,31.34,50,31,35,24
2021/10/1 14:56,56.1,6.47,31.34,50,31.1,35,32
2021/10/1 15:01,56,12.76,31.2,50,30.8,35.1,24
2021/10/1 15:06,56.1,12.13,31.2,50,30.8,35,24
2021/10/1 15:11,56,11.62,31.2,50,31,35,24
2021/10/1 15:16,56,12.67,31.05,50,31.2,34.8,24
2021/10/1 15:21,56,12.76,31.2,50,31.5,34.8,24
2021/10/1 15:26,56,12.89,31.2,50,31.1,35,24
2021/10/1 15:31,56,12.54,31.2,50,31.1,35,24
2021/10/1 15:36,56,13.29,31.2,50,31.5,35,24
2021/10/1 15:41,56.1,11.92,31.34,50,31.2,35,24
2021/10/1 15:46,56.1,8.84,31.2,50,31.2,35,24
2021/10/1 15:51,56,11.62,31.05,50,31.1,34.8,24
2021/10/1 15:56,56.1,12.24,31.05,50,31.2,34.8,24
2021/10/1 16:01,56.1,12.35,31.2,50,31.4,35,24
2021/10/1 16:06,56,11.62,31.2,50,31.2,35,24
2021/10/1 16:11,56.1,11.94,31.2,50,31.2,35,24
2021/10/1 16:16,56,13.45,31.2,50,31.3,35,24
2021/10/1 16:21,56,12.48,31.34,50,31.3,35,24
2021/10/1 16:26,56.1,9.79,31.17,50,31.3,35,24
2021/10/1 16:31,56.1,12.46,31.2,50,31.6,34.8,24
2021/10/1 16:36,56,12.59,31.2,50,31.4,35,24
2021/10/1 16:41,56.1,12.28,31.2,50,31.4,35,24
2021/10/1 16:46,56,12.82,31.2,50,31.4,35,24
2021/10/1 16:51,56,13.21,31.02,50,31.1,34.8,24
2021/10/1 16:56,56.1,11.17,31.34,50,31.6,35,24
2021/10/1 17:01,56,11.84,31.34,50,31.4,35,24
2021/10/1 17:06,56.1,9.08,31.2,50,31.5,35,24
2021/10/1 17:11,56.1,10.61,31.34,50,31.5,35,24
2021/10/1 17:16,56,12.8,31.34,50,31.4,35,24
2021/10/1 17:21,56,12.62,31.2,50,31.4,35,24
2021/10/1 17:26,56.1,6.56,31.49,50,31.6,35,24
2021/10/1 17:31,56,10.91,31.34,50,31.5,35,24
2021/10/1 17:36,56,10.92,31.34,50,31.5,35,24
2021/10/1 17:41,56.1,11.27,31.34,50,31.7,34.8,24
2021/10/1 17:46,56.1,11.7,31.34,50,31.8,35,24
2021/10/1 17:51,56,11.11,31.2,50,30.8,35,24
2021/10/1 17:56,56,11.32,31.2,50,31.8,34.8,24
2021/10/1 18:01,56,11.61,31.34,50,31.8,35,24
2021/10/1 18:06,56.1,11.08,31.49,50,31.8,35,24
2021/10/1 18:11,56,12.71,31.49,50,31.7,35,24
2021/10/1 18:16,56,11.32,31.49,50,32,35,24
2021/10/1 18:21,56,13.43,31.63,50,32,35,24
2021/10/1 18:26,56,12.63,31.63,50,32.2,35.1,24
2021/10/1 18:31,56,12.55,31.63,50,31.6,35,24
2021/10/1 18:36,56,11.52,31.63,50,31.8,34.8,0
2021/10/1 18:41,56,12.39,31.63,50,32,35,0
2021/10/1 18:46,56,10.99,31.63,50,32.1,35,24
2021/10/1 18:51,56.1,11.4,31.63,50,31.6,35,24
2021/10/1 18:56,56,11.1,31.49,50,32.3,35,0
2021/10/1 19:01,56.1,11.65,31.63,50,32.1,35,24
2021/10/1 19:06,56.1,8.7,31.49,50,32,35,24
2021/10/1 19:11,56,12.74,31.63,50,32.3,35,24
2021/10/1 19:16,56,14.04,31.63,50,32.2,35.1,24
2021/10/1 19:21,56.1,7.54,31.49,50,31.7,34.8,24
2021/10/1 19:26,56,13.96,31.49,50,32,35,24
2021/10/1 19:31,56,11.16,31.49,50,31.6,35,24
2021/10/1 19:36,56,12.8,31.49,50,32.1,35,4
2021/10/1 19:41,56,10.9,31.63,50,31.7,35,24
2021/10/1 19:46,56,11.75,31.63,50,32.4,35,0
2021/10/1 19:51,56,13.16,31.63,50,31.7,35,24
2021/10/1 19:56,56,12.55,31.49,50,31.7,34.8,24
2021/10/1 20:01,56,11.71,31.63,50,32.4,35,24
2021/10/1 20:06,56.1,12.36,31.78,50,32.3,35.1,24
2021/10/1 20:11,56,12.78,31.63,50,32,35,24
2021/10/1 20:16,56,12.57,31.63,50,32.4,35,24
2021/10/1 20:21,56,11.41,31.63,50,32,35,24
2021/10/1 20:26,56,12.84,31.63,50,32.2,35,24
2021/10/1 20:31,56.1,9.13,31.63,50,32,35,24
2021/10/1 20:36,56,12.76,31.63,50,32.2,35,24
2021/10/1 20:41,56.1,13.83,31.6,50,32.3,35.1,24
2021/10/1 20:46,56,11.61,31.63,50,31.4,35,24
2021/10/1 20:51,56,11.83,31.78,50,31.8,35,24
2021/10/1 20:56,56,12.4,31.63,50,31.5,34.7,0
2021/10/1 21:01,56.1,13.78,31.63,50,32.7,35,24
2021/10/1 21:06,56.1,10.27,31.78,50,32.1,35.1,24
2021/10/1 21:11,56.1,12.81,31.78,50,32.2,35.1,24
2021/10/1 21:16,56.1,11.34,31.78,50,31.7,35.1,20
2021/10/1 21:21,56.1,9.7,31.78,50,32.1,35,24
2021/10/1 21:26,56,11.55,31.78,50,32.2,35,0
2021/10/1 21:31,56,11.51,31.78,50,32.1,35.1,24
2021/10/1 21:36,56.1,13.69,31.63,50,32.5,35,0
2021/10/1 21:41,56,11.88,31.78,50,32.2,35.1,24
2021/10/1 21:46,56,11.1,31.63,50,32.2,35,0
2021/10/1 21:51,56,10.82,31.63,50,32.1,35,0
2021/10/1 21:56,56,13.2,31.49,50,32.1,34.8,0
2021/10/1 22:01,56,11.86,31.78,50,32.7,35,24
2021/10/1 22:06,56,12.02,31.63,50,32.2,35,0
2021/10/1 22:11,56.1,12.42,31.78,50,32.4,35,24
2021/10/1 22:16,56,13.07,31.78,50,32,35.1,24
2021/10/1 22:21,56,12.31,31.63,50,32.3,35,24
2021/10/1 22:26,56.1,12.55,31.63,50,32.3,35.1,24
2021/10/1 22:31,56,12.38,31.78,50,31.7,35,24
2021/10/1 22:36,56,11.8,31.63,50,31.6,34.8,0
2021/10/1 22:41,56,11.53,31.63,50,32.3,35,24
2021/10/1 22:46,56,11.59,31.63,50,32.2,35,24
2021/10/1 22:51,56.1,11.95,31.63,50,32.2,35,24
2021/10/1 22:56,56,13.03,31.34,50,31.3,34.8,24
2021/10/1 23:01,56,11.45,31.49,50,32.7,35,24
2021/10/1 23:06,56,11.99,31.78,50,32.4,35.1,24
2021/10/1 23:11,56.1,12.16,31.63,50,32.6,35.1,24
2021/10/1 23:16,56,13.12,31.6,50,32.2,35.1,24
2021/10/1 23:21,56.1,11.2,31.63,50,32.1,35.1,24
2021/10/1 23:26,56,15.69,31.63,50,31.7,35,0
2021/10/1 23:31,56,11.55,31.78,50,32.1,35,24
2021/10/1 23:36,56.1,11.91,31.63,50,32.1,35,24
2021/10/1 23:41,56,15.23,31.78,50,32,35.1,24
2021/10/1 23:46,56,13.71,31.78,50,32.3,35,24
2021/10/1 23:51,56,11.61,31.78,50,32.1,35,24
2021/10/1 23:56,56,11.18,31.63,50,31,34.8,24
2021/10/2 0:01,56,12.75,31.63,50,32.4,34.8,24
2021/10/2 0:06,56,13.43,31.78,50,32.7,35,0
2021/10/2 0:11,56,14.18,31.92,50,32.1,35.1,0
2021/10/2 0:16,56,13,31.63,50,32.2,35,24
2021/10/2 0:21,56.1,13.11,31.78,50,32.1,35.1,24
2021/10/2 0:26,56,10.81,31.78,50,32.4,35,0
2021/10/2 0:31,56,11.25,31.6,50,31.8,35.1,24
2021/10/2 0:36,56,11.15,31.63,50,32.2,35,24
2021/10/2 0:41,56.1,9.45,31.78,50,32.1,35,24
2021/10/2 0:46,56.1,8.38,31.78,50,32.1,35.1,24
2021/10/2 0:51,56.1,6.52,31.78,50,31.8,35,0
2021/10/2 0:56,56,13.09,31.46,50,30.6,34.8,24
2021/10/2 1:01,56,10.69,31.63,50,32.3,34.8,0
2021/10/2 1:06,56,9.14,31.78,50,32.4,35,0
2021/10/2 1:11,56.1,5.79,31.92,50,31.8,35,0
2021/10/2 1:16,56,11.8,31.92,50,32.6,35.1,0
2021/10/2 1:21,56.1,12.63,31.78,50,32.4,35.1,0
2021/10/2 1:26,56.1,8.76,31.92,50,31.8,35.1,0
2021/10/2 1:31,56,12.6,31.74,50,31.8,35.1,24
2021/10/2 1:36,56,12.46,31.78,50,32.1,35,24
2021/10/2 1:41,56,12.59,31.63,50,31.8,35,24
2021/10/2 1:46,56,11.32,31.6,50,32.3,35.1,24
2021/10/2 1:51,56.1,11.38,31.78,50,32,35,24
2021/10/2 1:56,56,12,31.78,50,31.4,35,24
2021/10/2 2:01,56,12.73,31.49,50,32,34.8,24
2021/10/2 2:06,56.1,11.05,31.63,50,32.4,35,24
2021/10/2 2:11,56,11.23,31.63,50,32,35,0
2021/10/2 2:16,56,12.9,31.78,50,32.5,35,0
2021/10/2 2:21,56,11.22,31.78,50,32.1,35,0
2021/10/2 2:26,56,11.83,31.6,50,32,35,0
2021/10/2 2:31,56,12.8,31.63,50,32.4,35,0
2021/10/2 2:36,56.1,11.82,31.63,50,32.4,35.1,24
2021/10/2 2:41,56,11.95,31.63,50,32,35.1,24
2021/10/2 2:46,56,12.28,31.63,50,32.2,35,0
2021/10/2 2:51,56.1,8.68,31.63,50,32.1,35,24
2021/10/2 2:56,56,12.64,31.63,50,31.6,35,24
2021/10/2 3:01,56,13.33,31.31,50,32.3,34.8,0
2021/10/2 3:06,56,11.38,31.63,50,32.6,35,0
2021/10/2 3:11,56,13.28,31.63,50,32.4,35,0
2021/10/2 3:16,56,13.55,31.63,50,32.1,35,0
2021/10/2 3:21,56.1,5.99,31.78,50,32.2,35.1,0
2021/10/2 3:26,56.1,8.35,31.78,50,32,35.1,0
2021/10/2 3:31,56,12.58,31.63,50,32.1,35,12
2021/10/2 3:36,56,10.88,31.63,50,32.6,35.1,0
2021/10/2 3:41,56,12.85,31.78,50,32.2,35.1,24
2021/10/2 3:46,56,12.53,31.63,50,32,35,0
2021/10/2 3:51,56,11.74,31.63,50,31.8,35,0
2021/10/2 3:56,56,13.1,31.78,50,31.8,35,24
2021/10/2 4:01,56,12.65,31.49,50,32.2,34.7,0
2021/10/2 4:06,56,12.72,31.63,50,32.7,35,0
2021/10/2 4:11,56,9.54,31.78,50,32.6,35,24
2021/10/2 4:16,56,11.98,31.78,50,31.8,35,0
2021/10/2 4:21,56,14.68,31.78,50,32,35,24
2021/10/2 4:26,56,10.95,31.63,50,32.4,35.1,24
2021/10/2 4:31,56,10.88,31.63,50,32.2,35,0
2021/10/2 4:36,56,11.01,31.63,50,32.1,35,24
2021/10/2 4:41,56,12.62,31.63,50,32.3,35,24
